doc_id,lang,source,text,text_norm,n_chars,n_tokens,page_id,title
97070-p0,zza,wiki,"'''Andriya''' (be İtalyanki: ''Andria''), yew sûka dewleta İtalyaya.",andriya be i talyanki andria yew sûka dewleta i talyaya,68,10,97070.0,Andriya
63999-p0,zza,wiki,'''Salisbury''' yew sûka dewleta Qraliya Yewbiyayiya.,salisbury yew sûka dewleta qraliya yewbiyayiya,53,6,63999.0,Salisbury
73932-p6,zza,wiki,"Kategoriye:Darmstadt 
Kategoriye:Sûkê Almanya",kategoriye darmstadt kategoriye sûkê almanya,45,5,73932.0,Darmstadt
41429-p4,zza,wiki,"""To be sure, Wikipedia's egalitarian mantra that ""anyone can edit"" is a huge draw, across cultures. Few are the people who have even heard of all the languages that now have a Wikipedia (Zazaki, Voro, Pangasinan, Udmurt and Shqip, to name a few).""",to be sure wikipedia s egalitarian mantra that anyone can edit is a huge draw across cultures few are the people who have even heard of all the languages that now have a wikipedia zazaki voro pangasinan udmurt and shqip to name a few,247,44,41429.0,Wikipediya:Embassy/Arşiv 1
49005-p0,zza,wiki,"'''Galisyaki''' ya zi '''Galiçyaki''' İspanya de mıntıqaya Galiçya de qal beno. Zıwanê xo de namê cı ''Galego''yo. No zıwan Portekizki ra zaf nezdiyo, rıçıkê xo Latinkiyo û kulturê Kelti de resayo. Zıwan miyan de çekuyê Erebki zi estê",galisyaki ya zi galiçyaki i spanya de mıntıqaya galiçya de qal beno zıwanê xo de namê cı galego yo no zıwan portekizki ra zaf nezdiyo rıçıkê xo latinkiyo û kulturê kelti de resayo zıwan miyan de çekuyê erebki zi estê,234,40,49005.0,Galisyaki
75759-p0,zza,wiki,"'''NGC 5372''', yew cısmê asmêniyo. No cısım Katalogê Neweyê Pêroyi de, komê estareyanê miyan de ca gêno. de terefê i ra keşıf biyo.",ngc 5372 yew cısmê asmêniyo no cısım katalogê neweyê pêroyi de komê estareyanê miyan de ca gêno de terefê i ra keşıf biyo,132,23,75759.0,NGC 5372
60699-p5,zza,wiki,"Resayış
Tellioğlu de xeta ceyran u têlefoni esta. Raya dewe asfalta.",resayış tellioğlu de xeta ceyran u têlefoni esta raya dewe asfalta,68,11,60699.0,"Tellioğlu, Devrek"
92617-p0,zza,wiki,"'''Leo VI''', yew Papay Xristiyananê katolikano. Reyna serdarê dewleta Vatikani biyo.",leo vi yew papay xristiyananê katolikano reyna serdarê dewleta vatikani biyo,85,11,92617.0,Leo VI (papa)
67528-p0,zza,wiki,"'''NGC 2001''', yew cısmê asmêniyo. No cısım Katalogê Neweyê Pêroyi de ca gêno.",ngc 2001 yew cısmê asmêniyo no cısım katalogê neweyê pêroyi de ca gêno,79,13,67528.0,NGC 2001
88159-p3,zza,wiki,"Nıfus
Grafikê diyagrami sero gorey serran ra nıfusê A Pobra de Trivesi;",nıfus grafikê diyagrami sero gorey serran ra nıfusê a pobra de trivesi,71,12,88159.0,A Pobra de Trives
11662-p0,zza,wiki,"'''Biyocoğrafya''', zanışiya ke cınsê rewekan û heywanan sero geyrena cı. Naye rê biyolociye, botanik, zoolociye û tıb desteg benê. No lızge bınê coğrafyaya fizikiye de yew madeyo.",biyocoğrafya zanışiya ke cınsê rewekan û heywanan sero geyrena cı naye rê biyolociye botanik zoolociye û tıb desteg benê no lızge bınê coğrafyaya fizikiye de yew madeyo,180,27,11662.0,Biyocoğrafya
35580-p1,zza,wiki,"Etimolociye
Zêde çımeya gore namey Edene İmperatoriya Hititan de Qıraliya Kizzuvatna de ''Adanya URU''ravêreno. Eserê Homerosi İlyaday de Adana ravêreno. Dewrê Helenistiki de Kilikya Antiohya ( Yunanki: Ἀντιόχεια τῆς Κιλικίας) ya zi Antiochia ad Sarum (Yunanki: Ἀντιόχεια ἡ πρὸς Σάρον; ""Sarus sero Antiohya"") zi zaniyena. Sûke zıwanê Ermenki de Ատանա Atana ya zi Ադանա Adana'ya. Yew efsaneyê kehani de 
Çımey namey sûke, Royê Seyhani kışta Edene vıraşto dı lacê Uranusi Adanus u Sarus ra yeno. Tay zi vanê waliy Harun Reşid Ebu Süleym Edeni ra yeno.",etimolociye zêde çımeya gore namey edene i mperatoriya hititan de qıraliya kizzuvatna de adanya uru ravêreno eserê homerosi i lyaday de adana ravêreno dewrê helenistiki de kilikya antiohya yunanki ἀντιόχεια τῆς κιλικίας ya zi antiochia ad sarum yunanki ἀντιόχεια ἡ πρὸς σάρον sarus sero antiohya zi zaniyena sûke zıwanê ermenki de ատանա atana ya zi ադանա adana ya yew efsaneyê kehani de çımey namey sûke royê seyhani kışta edene vıraşto dı lacê uranusi adanus u sarus ra yeno tay zi vanê waliy harun reşid ebu süleym edeni ra yeno,549,89,35580.0,Edene
46602-p6,zza,wiki,"Bıvênên
* Beyannameyê heqanê merdumanê erd u asmêni
* Heqê cêniyan
* Heqê LGBTi
* Heqê qıcan (Heqê domanan)",bıvênên beyannameyê heqanê merdumanê erd u asmêni heqê cêniyan heqê lgbti heqê qıcan heqê domanan,107,15,46602.0,Heqê merduman
77412-p2,zza,wiki,"Kategoriye:Delson, Quebec
Kategoriye:Sûkê Kanada",kategoriye delson quebec kategoriye sûkê kanada,48,6,77412.0,"Delson, Quebec"
89257-p3,zza,wiki,"Nıfus
Grafikê diagrami sero gorey seran ra nıfusê Burcy;",nıfus grafikê diagrami sero gorey seran ra nıfusê burcy,56,9,89257.0,"Burcy, Seine-et-Marne"
86110-p5,zza,wiki,"Kategoriye:Azelot
Kategoriye:Komunê Meurthe-et-Moselley",kategoriye azelot kategoriye komunê meurthe et moselley,55,7,86110.0,Azelot
73698-p0,zza,wiki,'''Subaşı''' wılayetê Edirne de yew dewa qezay Meriçiya.,subaşı wılayetê edirne de yew dewa qezay meriçiya,56,8,73698.0,"Subaşı, Meriç"
19969-p1,zza,wiki,"Kategoriye:İmperatorê Roma
Kategoriye:Domitii",kategoriye i mperatorê roma kategoriye domitii,45,6,19969.0,Aurelianus
58105-p0,zza,wiki,"'''Cumhuriyetê Tırkê Qıbrısê Zımey''' (be Tırki: ''Kuzey Kıbrıs Türk Cumhuriyeti'') ya zi '''Qıbrısê Zımey''', yew ''de-facto'' dewleta qısmê zımey adey Qıbrısiyo. Paytextê Cumhuriyetê Tırkanê Qıbrısê Zımey Lefkoşayo.",cumhuriyetê tırkê qıbrısê zımey be tırki kuzey kıbrıs türk cumhuriyeti ya zi qıbrısê zımey yew de facto dewleta qısmê zımey adey qıbrısiyo paytextê cumhuriyetê tırkanê qıbrısê zımey lefkoşayo,217,28,58105.0,Cumhuriyetê Tırkê Qıbrısê Zımey
11201-p0,zza,wiki,"'''Qersig''', wılayetê Semsûri de yew dewa qezay Aldûşiya.",qersig wılayetê semsûri de yew dewa qezay aldûşiya,58,8,11201.0,Qersig
381-p6,zza,wiki,"'''Medya'''
* Facebook de Fenerbahçe
* Twitter de Fenerbahçe
* Instagram de Fenerbahçe
* YouTube de Fenerbahçe",medya facebook de fenerbahçe twitter de fenerbahçe instagram de fenerbahçe youtube de fenerbahçe,110,13,381.0,Fenerbahçe SK
59235-p0,zza,wiki,"'''Montejícar''', dewleta İspanya de, eyaletê Endulusi de, wılayetê Granada de yew belediyaya.",montejícar dewleta i spanya de eyaletê endulusi de wılayetê granada de yew belediyaya,94,13,59235.0,Montejícar
12813-p1,zza,wiki,"Siteyê cıyo resmi
* ''Hasköy Köyü'' (Dewa Xorisi) , Qeymeqamiya Kolıki.",siteyê cıyo resmi hasköy köyü dewa xorisi qeymeqamiya kolıki,71,9,12813.0,Xoris
70042-p0,zza,wiki,"'''..jpmorgan''', internet de nameyê bandıra jeneriko (be zıwanê İngılızki: ''Generic top-level domains'') ke yew kodê interneti rê abıriyayo.",jpmorgan internet de nameyê bandıra jeneriko be zıwanê i ngılızki generic top level domains ke yew kodê interneti rê abıriyayo,142,20,70042.0,.jpmorgan
10494-p0,zza,wiki,"'''Ali Sürmeli''' yew sanatkaro Zazao. 1959 de Boglan, Çolig de ame dınya. Eslê xo Gêğiye rao.",ali sürmeli yew sanatkaro zazao 1959 de boglan çolig de ame dınya eslê xo gêğiye rao,94,16,10494.0,Ali Sürmeli
48078-p447,zza,wiki,"Kategoriye:Sistemê nuştışiyê ke Alfabeyê Latinki ra vıraziyayê
Kategoriye:Zıwanê Çini",kategoriye sistemê nuştışiyê ke alfabeyê latinki ra vıraziyayê kategoriye zıwanê çini,85,11,48078.0,Pinyin
56817-p0,zza,wiki,"'''Emza''', (be Tırki: ''Halaoğlu''), gorey insani, lacê emo.",emza be tırki halaoğlu gorey insani lacê emo,61,8,56817.0,Emza
62933-p26,zza,wiki,"Multilingual Shared Templates and Modules
 Hello diq-wiki community! ( )",multilingual shared templates and modules hello diq wiki community,72,9,62933.0,Wikipediya:Embassy/Arşiv 6b
80934-p3,zza,wiki,"Nıfus
Grafikê diagrami sero gorey seran ra nıfusê Ardeuil-et-Montfauxellesi ;",nıfus grafikê diagrami sero gorey seran ra nıfusê ardeuil et montfauxellesi,77,11,80934.0,Ardeuil-et-Montfauxelles
59276-p5,zza,wiki,"Nıfus
Grafikê diagrami sero gorey serran ra nıfusê Láchari;",nıfus grafikê diagrami sero gorey serran ra nıfusê láchari,59,9,59276.0,Láchar
90474-p3,zza,wiki,"Nıfus
Grafikê diagrami sero gorey seran ra nıfusê Saint-Calez-en-Saosnois;",nıfus grafikê diagrami sero gorey seran ra nıfusê saint calez en saosnois,74,12,90474.0,Saint-Calez-en-Saosnois
6931-p17,zza,wiki,"== Zıwanê Hind u Ewropa == 
Arnawutki",zıwanê hind u ewropa arnawutki,37,5,6931.0,Keyeyê zıwanan
91566-p3,zza,wiki,"Nıfus
Grafikê diagrami sero gorey seran ra nıfusê Saint-Sauveur-de-Pierrepont;",nıfus grafikê diagrami sero gorey seran ra nıfusê saint sauveur de pierrepont,78,12,91566.0,Saint-Sauveur-de-Pierrepont
85937-p0,zza,wiki,"'''Anderny''', jû komuna qezay Brieyiya. Cayê na komune dewleta Fransa de, mıntıqaya Grand Esti de, wılayetê Meurthe-et-Moselleyi dero. Erdê komune 9,62 km 2 ca gêno. Dormey Anderny ra komunê Audun-le-Roman, Mont-Bonvillers, Mairy-Mainville, Malavillers, Sancy, Meurthe-et-Moselle û Tucquegnieux ca gênê.",anderny jû komuna qezay brieyiya cayê na komune dewleta fransa de mıntıqaya grand esti de wılayetê meurthe et moselleyi dero erdê komune 9 62 km 2 ca gêno dormey anderny ra komunê audun le roman mont bonvillers mairy mainville malavillers sancy meurthe et moselle û tucquegnieux ca gênê,304,48,85937.0,Anderny
333-p11,zza,wiki,"Çımey
* Pêsoreka Vartoy 
* Qerayışê Vartoy 
* Radonê Vartoy",çımey pêsoreka vartoy qerayışê vartoy radonê vartoy,59,7,333.0,Varto
87882-p1,zza,wiki,"Xızmete
Palairac de şebekey awe esto, sistemê kanalizasyoni, elektrik û internet anciyao.",xızmete palairac de şebekey awe esto sistemê kanalizasyoni elektrik û internet anciyao,89,12,87882.0,Palairac
A500A3D6DE,zza,zazagorani,"Erzîncane: Azadîya cinîyan bi xoverdayîşî bena

Endama Koordînasyonê KJKyî Besê Erzîncan bale ante ser ke cinîyî bi pawitiş yan zî têna bi nêrazîbîyayîşan ney bi awankerdişê alternatîfan do bixelisê.

Endama Koordînasyonê KJKyî Besê Erzîncan derheqê têkoşînê cinîyan de serra 2019î ercnaye.
Ercnayîşê Erzîncane wina yê:
""No esasêk o ke ma sey cinîyan seserra nikayêne tarîf bikê û planan bikê û xo rê armanc bikê ke ameyox de ma do çi bikê. Fikirîyayîş, têkoşînê xobîyayîşî, xîretkerdiş bi serkewtişî netîce beno. Naye ra ganî ma reya verêne israr bikê ke serra 2020î seba cinîyan biba serra destkewteye. Ganî cuya ma û fikrê ma yewbînan bitepişê, paştî bidê yewbînan. Mefteyê azadîye xo ra destpêkerdiş o. Seke Rayber Apoyî pawitişanê Îmraliyî de mojna konfedaralîzmo demokratîk, modelê xoserîya demokratîke û paradîgmaya cinîya demokratîke-ekolojîke- azadîkere çare bi hawayêkê eşkera erzena meydan.25ê Teşrîna Peyêne Roja Têkoşînê Vera Şîdetê Serê Cinîyan bi tewrbîyayîşê girseyanê cinîyan vîyarte. Dinya ser o rojdemêko bîn ê 25ê teşrîna peyêne zî pawitişê Şorişê Rojawanî bi.
Ma dewirêk de yê ke Tirkîya de sere de HDP cinîyê CHPyî, cinîyî partîyanê Îslamgîran û hetta cinîyê AKPyî do hîna zêdêr wayîrê têkoşînê cinîyan bivejîyê. Cinîyê Kurdîstanî bi erjanê xo paştî danê pêro têkoşînanê cinîyan. Cinîyê kurdî ganî paştî bidê pêro çalakîyanê cinîyan û çalakîyanê xo zî her cografya de aver berê. Ganî cinîyê Tirkîya zî wina bikê. cinîyî bi pawitiş yan zî têna bi nêrazîbîyayîşan ney bi awankerdişê alternatîfan do bixelisê. Cinîyî eşkenê ke çalakîyanê yewbîyayeyan zî bikê. Têkoşînê cinîyanê kurdan bi grevê vêşanîye yê Leyla Guven û bi xoverdayîşê cinîyanê Rojawanî yê vera îşxalê dewleta tirke aver şi. Seba ke ame zanayene ke Şorişê Rojawanî şorişêkê cinîyan o, pêro cinîyî dinya seba pawitişê Rojawanî yew ca de ameyî pêser û înan vera hegemonya pîya şer kerd.Ganî tewirê azadîye yê gerîlayanê YJA-Starî baş bêro dîyene û ercnayene. Her gerîla sembola serewedaritişê vera sîstemê pederşahîye ya. Gerîlayê cinîyî çimeyê têkoşînê azadîye yê cinîyan ê. Şerê gerîlayanê ma pêro dinya ser o tesîr keno. Serra 2019î de gerîlayanê ma bi xoverdayîşê xo mojna ke ê banderîya camêrdan û dewlete red kenê.
Bi nê hewayî serra 2019î de gerîlayanê ma yê cinîyan reyna bi hawayêkê xurtî îfade kerd ke ê israr kenê û qerardar ê ke cuyêka azade û newîye awan bikê. Xoverdayîş û înşa do cinîyan bixelisnê. Ma mîyanê prosesêkê winasênî de yê ke têkoşînê cinîyanê dinya yewbînan rê benê nêzdîye. Jineolojî bi rayberîya cinîyan rojdemê pêro cinîyan de yo. Ma bi Jineolojî rayîr ra şinê. Bi averşîyayîşê jinoelojî û xebatanê îdeolojîkan ma verê xo hîna zelal vînenê û xebatanê xo hîna xurtêr kenê.
Eke ma têkoşînê cuya azade xurt nêkê, vera trajedîyanê dinya nêrazîbîyayîşê xo nêmojnê ma zî do bibê berpirsîyar. Nê esasî ser o ma qerardar û isrardar ê ke seba cinîyan cuyêka newîye awan bikê. Tay xebatî estê. Cinîyî payan ser o yê. Hêvîya ma zixm a. Ma xîret kenê ke ser bikewê. Ma do bi xoverdayîş û têkoşînî serra 2020î bikê serra azadîya cinîyan. Ma vajê, serra 2020î serr a ke cinîyî do azad bibê.""",erzîncane azadîya cinîyan bi xoverdayîşî bena endama koordînasyonê kjkyî besê erzîncan bale ante ser ke cinîyî bi pawitiş yan zî têna bi nêrazîbîyayîşan ney bi awankerdişê alternatîfan do bixelisê endama koordînasyonê kjkyî besê erzîncan derheqê têkoşînê cinîyan de serra 2019î ercnaye ercnayîşê erzîncane wina yê no esasêk o ke ma sey cinîyan seserra nikayêne tarîf bikê û planan bikê û xo rê armanc bikê ke ameyox de ma do çi bikê fikirîyayîş têkoşînê xobîyayîşî xîretkerdiş bi serkewtişî netîce beno naye ra ganî ma reya verêne israr bikê ke serra 2020î seba cinîyan biba serra destkewteye ganî cuya ma û fikrê ma yewbînan bitepişê paştî bidê yewbînan mefteyê azadîye xo ra destpêkerdiş o seke rayber apoyî pawitişanê îmraliyî de mojna konfedaralîzmo demokratîk modelê xoserîya demokratîke û paradîgmaya cinîya demokratîke ekolojîke azadîkere çare bi hawayêkê eşkera erzena meydan 25ê teşrîna peyêne roja têkoşînê vera şîdetê serê cinîyan bi tewrbîyayîşê girseyanê cinîyan vîyarte dinya ser o rojdemêko bîn ê 25ê teşrîna peyêne zî pawitişê şorişê rojawanî bi ma dewirêk de yê ke tirkîya de sere de hdp cinîyê chpyî cinîyî partîyanê îslamgîran û hetta cinîyê akpyî do hîna zêdêr wayîrê têkoşînê cinîyan bivejîyê cinîyê kurdîstanî bi erjanê xo paştî danê pêro têkoşînanê cinîyan cinîyê kurdî ganî paştî bidê pêro çalakîyanê cinîyan û çalakîyanê xo zî her cografya de aver berê ganî cinîyê tirkîya zî wina bikê cinîyî bi pawitiş yan zî têna bi nêrazîbîyayîşan ney bi awankerdişê alternatîfan do bixelisê cinîyî eşkenê ke çalakîyanê yewbîyayeyan zî bikê têkoşînê cinîyanê kurdan bi grevê vêşanîye yê leyla guven û bi xoverdayîşê cinîyanê rojawanî yê vera îşxalê dewleta tirke aver şi seba ke ame zanayene ke şorişê rojawanî şorişêkê cinîyan o pêro cinîyî dinya seba pawitişê rojawanî yew ca de ameyî pêser û înan vera hegemonya pîya şer kerd ganî tewirê azadîye yê gerîlayanê yja starî baş bêro dîyene û ercnayene her gerîla sembola serewedaritişê vera sîstemê pederşahîye ya gerîlayê cinîyî çimeyê têkoşînê azadîye yê cinîyan ê şerê gerîlayanê ma pêro dinya ser o tesîr keno serra 2019î de gerîlayanê ma bi xoverdayîşê xo mojna ke ê banderîya camêrdan û dewlete red kenê bi nê hewayî serra 2019î de gerîlayanê ma yê cinîyan reyna bi hawayêkê xurtî îfade kerd ke ê israr kenê û qerardar ê ke cuyêka azade û newîye awan bikê xoverdayîş û înşa do cinîyan bixelisnê ma mîyanê prosesêkê winasênî de yê ke têkoşînê cinîyanê dinya yewbînan rê benê nêzdîye jineolojî bi rayberîya cinîyan rojdemê pêro cinîyan de yo ma bi jineolojî rayîr ra şinê bi averşîyayîşê jinoelojî û xebatanê îdeolojîkan ma verê xo hîna zelal vînenê û xebatanê xo hîna xurtêr kenê eke ma têkoşînê cuya azade xurt nêkê vera trajedîyanê dinya nêrazîbîyayîşê xo nêmojnê ma zî do bibê berpirsîyar nê esasî ser o ma qerardar û isrardar ê ke seba cinîyan cuyêka newîye awan bikê tay xebatî estê cinîyî payan ser o yê hêvîya ma zixm a ma xîret kenê ke ser bikewê ma do bi xoverdayîş û têkoşînî serra 2020î bikê serra azadîya cinîyan ma vajê serra 2020î serr a ke cinîyî do azad bibê,3090,505,,
4331-p0,zza,wiki,"'''Edith Södergran''' yew nuskar u şairê Swêdij biyo. Roc 4 nısan, 1892 dı ameya dınya u roc heziran 24, 1923 dı merd.",edith södergran yew nuskar u şairê swêdij biyo roc 4 nısan 1892 dı ameya dınya u roc heziran 24 1923 dı merd,118,22,4331.0,Edith Södergran
86224-p0,zza,wiki,"'''Gogney''', yew komunê wılayetê Meurthe-et-Moselleo. No komune dewleta Fransa de mıntıqaya Grand Esti de ca gêno.",gogney yew komunê wılayetê meurthe et moselleo no komune dewleta fransa de mıntıqaya grand esti de ca gêno,115,18,86224.0,Gogney
2EE23D9E8A,zza,zazagorani,"Rîko

RÎKO
Beno, nêbeno, yew Rîko beno yew zî pîra dadîya ey bena.
Rîko û pîra dadîya xo zaf feqîr benê. Goşeyê dewe de yew banê înan beno. De o zî çi ban! Eynî koxê kergan. Dewijî xeyrê xo rê çî danê înan, pê benê weye.
Rîko beno camêrdo temam la qet kar û gure nêkeno. Betalîye musayo. Xo rê mîyanê dewe de, nat û wet tewş gêreno; tulingî keno.
Rojêk, êdî payîz o. Zimistan tay mendo. Keye de mûyeke çin a. Xemê Rîkoyî nîyo. Dadîya ey ewnêna ke çîyê keye de çin o. Zimistan ha vernîyê înan de yo. Zimistan bêro çar-panc aşmî binê vewre de manenê. Homa zano la beno ke geste ver mirenê. Pîre veng dana Rîkoyî, vana:
- Rîko!
Rîko vano:
- Ha dayê!
Vana:
- Keyeyê xalê to ha filan dewe de. De werze şo keyeyê xalê xo. Hema ke zimistano gewr ma de nêvejîyayo. Xalê to citêr o. Hêgayê ey zaf ê. Belkî tay qut û put, çî-mîyê werdî bido to, ti ma rê bîyarê, ma xo rê pê zimistanî vîyarnin.
Û werzena tay dimso ke dewijan xeyrê xo rê dayo aye, kena yew meşke û yew pirêno keheno ke cinîyanê dewe xeyrê xo rê dayo aye, dana Rîkoyî ke xo dest a bero keyeyê xalê xo rê.
Rîko werzeno pirênî keno binê çengê xo, meşka dimsî zî erzeno serê kiftê xo û keweno rayîr ke şiro keyeyê xalê xo.
Rîko şino, şino. Wexto ke rayîr şino, nat û wet ewnêno ke erd teqayo. Her teqe ginaye erdî ro ke qet mevajêne.
De payîz o. Hema şilî nêvaraya. Şeş-hewt aşmî yo ke peşka vartî nêvaraya. Xora erd teqeno. La Rîko xo rê vano, “Gunek o, hela biewnêne nê erdî ra, çiqas bîyo têşan! Hende bîyo têşan ke fekê ey akerde mendo”. Û werzeno fekê meşka dimsî akeno, hemeyê dimsî veradano şeqalanê erdî. Meşke zî gêno erzeno mîyanê yew geme û dana piro şino.
Rîko şino, şino, reseno verê çemî. Verê çemî de bala xo dano ke yew dara sewle ha uca. Dare pelê xo heme rijnayê, req-rût meydan de tena menda. Vayêko serdin hetê vakurî ra yeno, dare nat û wet keno çewt û keno rast.
Rîko ewnêno halê dare ra, zerrîya ey pê veşena. Vano qey bi dare serd o. Guneyê xo pê ano, vano “Gunekê, hela biewnêne na dare ra, çiqas pê serd o! Verê nê çemî de viran menda. Va dano piro, serdî ver senî lerzena!”
O pirêno ke dadîya ey seba xalcinî dayo ey, Rîko gêno dano a dara sewle ra. Û dano piro şino.
Biney şino, ewnêno ke yew qijika birîndare ha lengena, ey ra ver bineyke perrena û hewna vindena. Rîko pey ra nano qijike dima. Nat çarneno, wet çeperneno, axir qijike qefilneno. Qijike dekeno pistanê xo û şino.
Şino, êreyêk reseno keyeyê xalê xo. Xalcinîya xo ra vano:
- Ka xalo?
Xalcinî vana:
- Xalê to şîyo cite. Şan de yeno.
Bineyke pers-mersê yewbînî kenê. Rîko vano:
- Ez şina verê xalê xo.
Xalcinî vana:
- Ney, meşo! Ti miqatê keyeyî be, hetanî ke ez şina hênî ra çend neqlî awe ana.
Vano:
- Wa bo.
Xalcinîya ey senî ke keye ra vejêna, Rîko şino keweno mîyanê firaqan. Nat û wet sehneno. Eh, ewnêno ke xalcinîya ey goştê dîkî sûr kerdo. Birinc pewto, goşt nayo ser. Fekê quşxaneyî girewto, binê mekube de nimito. Rîko keyf keno, vano “Willayî emşo şamîya ma zaf weş a. Ez mirdîya xo goşt û birinc wena”.
Xalcinî di sitilî awe ana, kena firaq-miraqan. Neqlêna şina awe. Rîko hewna nat û wet keyeyî sehneno. Ewnêno ke kuçike ser o zî beroşê mehîre esto. Mehîre girîyena. Rîko hewna keyfê xo ano, vano “Willayî, emşo şamîya ma zaf a. Ma verê cû mehîre wenê, dima ra zî goşt û birincî”.
Şan de xalê Rîkoyî cite ra yeno. Xalcinî şamî ana. La şamî yena ke tena mehîr a. Goşt û birinc çin ê!
Şamîya xo wenê. De xalê Rîkoyî mişag o, rencber o; serre diwês aşmî yaban a xebitîyêno. Senî şamîya xo weno hewnê ey yeno. Xalcinî nivînan rafînena. Her kes keweno binê cayê xo.
Her kes keweno binê cayê xo la çimê Rîkoyî goşt û birinc de mendo. A qijike zî ha pistanê ey de. Rîko linga qijike ya şikitî biney şidêneno, beno qij-qija qijike. Xalo Rîkoyî ra hêrs beno, vano.
-Law Rîko, o çî yo? Qey ti nêverdanê ma xo rê rakewin? Ez rincan a. Ez şefeqê tarî de şina cite, şan de tarî de yena. Vengê xo meke, hewnê mi yeno!
Rîko vano:
- Xalo, willayî ez vengê xo nêkena la qijike nêvindena. Şima zanê ke a vana se?
Xalê ey vano:
- Vana se?
Vano:
- Xalo, willayî qijike vana, “Xalcinîya to goşt û birinc pewto, ha quşxane de, binê mekube de yo. Hetanî ke xalcinîya to nêşo ê goşt û birincî nîyaro, ti û xalê xo, şima mirdîya xo nêwerê, ez nêverdana şima rakewê”.
A game xalcinî zana ke wexto ke a şîya hênî, Rîko kewto mîyanê firaqan, nat û wet sehnayo. Ey goşt û birinc binê mekube de dîyê. Êdî nêşena înkar zî bikero. Vana:
- Lawooo, lawo! Law Rîko ti çi bela yî. Ez nêşêna serê sibayî rew werza. Ez yanî areyî de dana xalê to.
Xalcinî mecbur manena, şina goşt û birincî dana sênîye ser, ana verê înan de nana ro. Rîko û xalê xo pîya kewenê ser, mirdîya xo wenê. Xalcînî zî zereyê xo de keribîyêna, nengan înan çînena, vana, “Wa şima rê ziqumo sîya bo!”
Xalcinî firaqan darena we. Her kes keweno binê cayê xo. Xalê Rîkoyî ca de hewn a şino. La Rîko mexsûs xo nano ro hewnî, hema aya maneno.
Şewe epey şina. Şewe nême ra vîyarena. Rîko ewnêno ke yew ha dano berî ro. Xalcinîya ey hêdîka werzena şina berî akena. Yew camêrd yeno zere. Xalê ey zî ha hewn de yo, xirrî kewta ser, xirreno.
Ti mevaje ke o camêrd dostê xalcinîya ey o. Lajê keyayê dewe yo. Her şewe yeno verê xalcinîya ey.
Rîko ewnêno ke o camêrd û xalcinîya ey ha qisey kenê. Goşê xo dano ser ke dostê xalcinîya ey vano:
- Ez vêşan a. Çîyê werdî çin o?
Xalcinîya Rîkoyî vana:
- Wa ê bi qurbanê to bê. Yew warezayê nê kutikbawê mêrdeyê mi ewro ameyo keyeyê ma. Ti vanî qey pirnika şeytanî ra kewto. Mi to rê yew dîk kerdibi sûr, birinc pewtibi la nê bîncirrikî dî. Ez mecbur menda mi da înan; înan werd, qedîna.
Û werzena kuçika eywane de adir kena we. Taweyî kena pirrî rûn. Ana dana adirî ser. Dostê xo ra vana:
- De ti verê taweyî de vinde, wa rûn biqijilîyo hetanî ke ez şina hakan ana.
Xalcinî şina binê endelî ke hakan bîyaro. Rûn zî taweyî de, serê adirî de qijilîyêno, qij-qije kewta rûnî ser. Dostê xalcinîye, verê kuçike de kîşta xo daya dêsî, adirî tanî daya ey, bîyo germin. Fekê ey akerde mendo, ha hewn a şino.
Rîko bineyna vindeno. Rûn hende qijilîyêno ke êdî kerr beno. Mêrdek zî hewn a şino. Rîko bi lezûbez werzeno, dimê taweyî de gêno, rûnê qijilnayeyî fekê ey ê akerdeyî ra dekeno qirrika yarê xalcinîya xo û şino dekeweno binê cayî. Dostê xalcinîya ey ca de mireno, beno tirrtameşk.
Xalcinîya ey hakan dekena pêşê xo, yena ke dostê xo rê hakerûne virazo. La ewnêna ke çi bivîno! Dostê aye ha verê kuçike de lingî kerdê rep, merdo.
Cinîke tey vejena ke no fiêl fiêlê Rîkoyî yo la şaş manena ke se bikero. Eke keya pêbihesîyo ke lajê ey aye ser o ameyo kiştiş, do her muya porê aye boça yew estorê rewanî wa bibesto û çiqas çol û yabanî estê, tede biçarno. Nat kena, wet kena la tu çare nêvînena ke nê cenazeyî binimno. Bêçare manena, venga Rîkoyî dana.
Xalcinî veng dana Rîkoyî. Rîkoyî ana eywane, vana:
- Rîko, ez qurbanê to bena, ez gîyê to wena! Ti ma bixelisnê! No lajê keyayê dewe yo. Ameyo kewto keyeyê ma. De ez nêzana ke seba dizdî-mizdî ameyo, seba çîyêna ameyo. Êdî ez nêzana, la tîya merdo. Eke ma cenazeyê ey cayê vîndî nêkerin û siba pêbihesîyê ke lajê înan keyeyê ma de merdo, willayî û bîllayî ma poste kenê! Ez qurbanê to bena Rîko, ti yew çare bivîne.
Rîko biney fikirêno, dima ra vano:
- Eke ti heme zerdanê xo bidê mi, ez to xelisnena.
Xalcinî werzena şina kilît dana berê sindoqe ro. Çiqas zerdê aye, xişirê aye, xemlûxêzê aye esto, hemîne ana dana Rîkoyî.
Rîko zerd-merdanê xo keno pistanê xo, xalcinîya xo ra vano “Ti lingan de bigîre” û Rîko zî hetê sereyî de gêno. Cenazeyî kaş kenê, benê serê banî. Serê banî de benê leweyê sifirneyî. Linganê ey sifirneyî ra veradanê war. Yanî, eke bineyke bileqo, terp û keweno war! Û danê piro yenê zere.
Senî ke yenê zere, Rîko keno heylo-hawar, qîreno vano:
- Xalo werze, dizd kewto keye!
Xal dest erzeno demançeyê xo, vano:
- Ka dizd? Ha ça?
Rîko vano:
- Xalo rema şi serê banî.
Vazdanê teber, xal ewnêno ke dizd ha leweyê sifirneyî ra, keno ke xo kaş biko dîyarê banî la sifirneyî wa aliqîyayo.
Xal xaşmîşkîyê hewnî yo, demançe nano pira, dizd terp û gineno waro!
Şinê ser ke merdo. Xalcinî çila fînena ta, ana. Xal verê roşnê çila de rîyê ey ra ewnêno ke lajê keyayî yo. Vano:
- Heywax û heywax! Mi se kerd bi xo? Willayî mi lajê keyayê dewe kişt. Serê sibayî pêhesênê, kokê ma anê!
Biney hiş ke yeno Xalî sere, fetilîyêno Rîkoyî ser vano:
- Lawo Rîko, ti vanî se, ma se bikin?
Rîko vano:
- Xalo, ti qet meraq meke. Ez warezayê to ya! Ez to xelisnena.
Dima ra vano:
- Ti werze mi rê herî cile bike.
Xal şino herî cile keno. Hîrê heme pîya cenazeyî de gênê, wenanê herî. Resene anê, baş girê danê. Rîko demançeyê xalê xo zî ey ra gêno, a şewe herî dano vernîya xo û keweno rayîr.
Keweno rayîr, yeno, yeno verê çemî. Mîyanê çemî de yew gola zaf xorîne esta. Cenazeyî ano serê kendalê a gole. Herî ser ra ronano. Yew kerraya xişne ano, linga cenazeyî wa girêdano û tehn dano, erzeno mîyanê gole.
Cenazeyê lajê keyayî erzeno mîyanê a gola xorîne û wenişeno herê xo, dano piro şino Licê.
Uca tay zerdan hurdî keno, keno pereyî. Şino dikan bi dikan gêreno, keyeyî rê çina lazim o herîneno. Dima ra şino terzîyî het, xo rê qatê kincan zî dano deştiş.
Rîko kincanê xo dano xo ra, çî-mîyo ke herînayo wenano herê xo û gêno yeno keye.
Dadîya ey vana qey nê çîyî heme xalî dayê Rîkoyî. Persê xal û xalcinîya ey kena. Rîko qalê çîyê nêkeno, vano “Baş ê”.
Rîkoyî qatê kincan dayo xo ra, ti vanî qey lajê keyayî yo. Nat û wet gêreno, fors keno. Şino dewan ra gêreno ke her kes qatê kincanê ey bivîno.
Rojêk, hetê êreyî ra, gama ke yew dewe ra yeno ke bêro keye, ewnêno ke verê çemî de karwanêk ha ronayo. Barê estor û qantiran heme yew ca de ronayê, nobedar ha ver de. Qantir û estorî ha çerenê. Zinge-zinga zengilan vileyê qatiran ra vila bena.
Peyayanê karwanî ra qismêkî ha verê çemî de kinc-mincanê xo şuwenê, qismêkî zî adir wekerdo, lên nayo ser, werd hedirnenê. Her kes gureyêk de mijul o.
Karwanbaşî zî, yew camêrdo gird o. Her qefşala zimbêlanê ey manena patîla vaşî. Zend û bendê xo wekerdê. Her qevda destê ey sey yew kêranî ya. Vileyêko qalind ha ser o ke eynî sey vileyê boxeyêk o. Xencer ha verê mîye de. Cor ra, serê yew kerra de vinderto. Nat û wet emir dano, vano heey filankes, ti nê gureyî bike; fetilîyêno yewnayî ra vano bêvankes, ti zî ê gureyî bike. Her kes binê emrê ey de çarbuley gêreno.
Rîko şino, selam dano karwanbaşî. Karwanbaşî werzeno payanî, selamê ey gêno. De Rîkoyî o qatê kincan dayo xo ra ke ti vanî yan mîre yo, yan hakim o.
Rîko û karwanbaşî biney nat û wet ra persê yewbînî kenê. Rîko vano:
- Şima karwanê kamcîn welatî yê? Kamcîn het ra yenê, şinê kamcîn hetî ser?
Karwanbaşî vano:
- Ma şerq ra yenê şinê xerb.
Mevajêne ke karwan Çîn û Maçîn ra, hetê Hindîstanî ra yeno, şino paytextê Romî û uca ra wet, şino hetê xerbî ya. Barê karwanî zî heme zerd û sêm o; xemlûxêz o, xişir-mişir o. Qumaş o; birîsim o, şîfon o. Heme malê dikanan o.
Karwan Çîn û Maçîn ra kewto rayîr, bi aşman rayîr ra yo. Leze keno şino hetê xerbî ra hetanî ke hema vewre nêkewta, rayîrî nêgîrîyayê. La karwan rincan o. Peyayê karwanî nêşute yê, verê royî ra bîyê vila. O ke cilanê xo dano awe ro, şuweno; o ke awe germin kerda, ha leşa xo şuweno. Her kes bilîyê xo bîyo.
Nika Rîko zî kîşta karwanbaşî de, serê kerra de ronişto, hem temaşe keno hem zî ey reyde terriqneno. Karwanbaşî ra vano, “Ez wayîrê dewe ya. A dewa corêne, dewa min a”. Gama ke werd hazir beno, karwanbaşî Rîkoyî ra vano:
- Axa, kerem bike, ma şamî biwerin.
Rîko şino, ewnêno ke werdê înan mişewşî ya. Kebanî mişewşî pewta. Her kes uskuraya xo gêno şino verê lênî, kebanî her yewî rê yew kondêzê mişewşî dekena û nanê ey dana dest.
Kamî ke bara xo girewte apey yeno, cayê de nişeno ro û şamîya xo weno. Kamî ke mirdî nêwerd, ancîna şino, kebanî ey rê kondêzêna mişewşî dekena uskura.
Rîko nêweno. Karwanbaşî vano:
- Axa, qey to werdê ma nêecibna?
Û biney vindeno, vano:
- Heqê to esto. De ti merdimo axa yê.
Rîko vano:
- Ney, mesele axatîya mi nîyo. Ez vana, kamo ke na germî biwero, xo de virike keno!
Karwanbaşî û heme peyayî şaş manenê. Vanê:
- Axa, heyran, qurban. Willayî ma pak ê. Mişewşîya ma pak a. Ma tim mişewşî wenê. Ma zaf rayîr ra şinê, mişewşî roqilayanê ma nerm gêna...
La Rîko vano:
- Emşo şima heme virike verdanê xo!
O vano, “Şima virike verdanê xo”, ê zî vanê “ney”. Yew Rîkoyî ra yew înan ra, karwanbaşî vano:
- Bêre ma şert bikin.
Rîko vano:
- Temam. Ma şert bikin. Ez serê sibayî rew yena teftîş. Eke şima virike nêverday xo, ez emir dana, wa xulamê mi panc tene estoranê kihêlan bidê şima. Nika tewleyê mi de vîst tene estorê kihêlî estê. Heme zî seglawî yê, kihêlê erebî yê.
Karwanbaşî vano:
- Qebul. Eke ma virike verday xo, ez zî panc qantiran bi barî wa teslîmê to kena.
Her di destê yewbînî gênê, vera heme peyayanê karwanî de soz danê yewbînî:
- Soz!
- Soz!
Rîko xatir wazeno, dano piro şino keye.
Heme peyayê karwanî pey ra ewnênê Rîkoyî ra. Karwanbaşî keyf keno, vano, “Ez serê sibayî panc tene estoran ey ra gêna”.
Rîko dadîya xo ra vano:
- Dayê!
Dadîya ey vana:
- Ha Rîko!
Rîko vano:
- Dayê leze ke, beroş bîya. Kuçike de adir weke, beroşêk şolike pewje.
Dadîya ey vana:
- Eman, yeman! Şolike ça ra vejîya? Ti beroşêk şolike pê se kenî?
Rîko vano:
- Karê to pê çin o. Ez ha rakewena. Ti mi rê beroşêk şolike pewje. Tayê danîyan zî bike mîyan. Wa baş bipewjîyo, hetanî ke biney bibo qalinde. Beroşî rone, wa biney serdin bibo. Eke şewe nême ra vîyarte, ti venga mi bide.
Dadîya ey vana:
- Wa bo.
Û kuçike de adir kena we, beroş dana ser. Rîko zî şino rakeweno.
Dadîya Rîkoyî seke ey vato, bi o qayde şolike pewjena.
Şewe nême ra vîyarena. Dadîya ey Rîkoyî kena aya. Werzeno biney rîyê xo şuweno, sitilêk keno pirrî şolike û yew kondêzî zî nano mîyan, dano piro şino verê çemî, cayo ke karwanî tede ronayo.
Şewe, tîjeaşm a. Hewa biney serd o. Peyayê karwanî heme dorê adirî de hewn a şîyê. Yew nobedar zî serê baran de ronişte yo. Şimşêr ha dest de. Camêrd wexto ke xo beno û ano, tîja aşme ver de şimşêr şewq dano, beriqîyêno.
Rîko peyê yew kerra de biney xo netirneno. Baş temaşe keno. Ewnêno ke hewnê nobedarî zî yeno. Ey serd o, ha xo keno mîyanê baran ra. Xo keno mîyanê ciwalan ra. Verêk ra sereyê nobedarî yeno war, gineno ciwalî ro. Hewna xo hesîyeno.
Ha-ha... Reyna sereyê ey çewt beno, şino ciwalî ser û êdî berz nêbeno. Fişşî kewena ser. Hewn a şino.
Rîko fetilîyêno ewnêno peyayanê bînan ra. Eh, ê zî heme ha hewn de yê. Hemîne serd o. Lingî antê xo pîze, bîyê sey gude. Rîko sitilê şolike gêno û şino.
Şino verê karwanî. Hema şilabendê înan biney sist keno, tumananê înan acêr dano û yew kondêzê şolike dekeno mîyanê tumananê her yewî.
Rîko bi lezûbez gureyê xo qedîneno. Sitilê xo gêno şino peyê kerra. Ewnêno ke nobedar ha xo hesîyayo, dest eşto qevda şimşêrî, nat û wet gêreno. Qey cay linga Rîkoyî ginaya yew kerra-merra ro, camêrd hîşyar bîyo.
Rîko sitilî beno mîyanê yew leme de nimneno. Dinya zî hêdî-hêdî bena roşne. Yeno serê kerra de ronişeno. Biney qirrika xo keno pak. Vano, “Ihhi, ihi!” Verê hemîne karwanbaşî werzeno. Ewnêno hetê baran ra. Eh, barî heme ha cayê xo de, nobedar ha dorê baran de nobete de. Ewnêno hetê estor û qantiran ra. Heme girêdaye yê. Hetê corî ra ewnêno ke Rîko ha serê kerra de, tirûnc dayo, sey teyrê bazî çimê xo tûj kerdê, ewnêno. Ca de yeno vîrê karwanbaşî ke şan de înan şert kerdo!
Karwanbaşî hêz dano xo ke werzo payanî la ewnêno ke pey ra hît o. Hêdîka destê xo beno mîyanê tumananê xo ke, çi bivîno! Xo baş sehneno ke virike verdaya xo. Hema tumananê xo de gêno ke vazdo şo awe ser û xo bişuwo. La Rîko xo veradano war, acêr yeno; vano:
- Karwanbaşî! Vinde, ez to sehnena!
Karwanbaşî ewnêno ke xelasa ey çin a, vano:
- Axa, willayî mi virike verdaya xo.
Karwanbaşî leza-lez şino tumananê xo vejeno, dano awe ro, pak şuweno, hewna xo pay keno. Agêreno ke peyayanê xo şîyar bikero. Rîko zî ha ey ra pey vinderte yo.
Karwanbaşî kuweno kamcîn peyayî ra, o peya destê xo beno tumananê xo ke çi bivîno! Virike verdaya xo.
Kam werzeno, tumananê xo de gêno û vazdano awe ser.
Badê cû heme yenê, dorê karwanbaşî de top benê.
Rîko vano:
- Karwanbaşî! Rewşa şima senîn a?
Karwanbaşî vileyê xo keno çewt vano:
- Axa, willayî de malumê to yo! Eynî sey to vejîya.
Rîko vano:
- Karwanbaşî, ti zanê ke şertê ma çi bi yan ney?
Karwanbaşî vano:
- Belê axayê mi. Nika ez to rê panc tene qantiran bar kena û bi barî wa teslîmê to kena.
Rîko şino serê kerra de ronişeno û temaşe keno. Karwanbaşî emr dano, Rîkoyî rê panc tene qantiran bar kenê. Her pancine karwanî ra abirnenê ke teslîmê Rîkoyî bikerê û bidê rayîrî ser, xo rê şorê la o hing de Rîko cor ra yeno war, tena yew qantire xo rê cîya keno. Ê bînan fetilneno, şaweno mîyanê karwanî.
Dima ra şino destê karwanbaşî gêno, vano:
- Mi rê na qantire pa barî wa helal bike.
Karwanbaşî ey rê helal keno. Rîko hefsarê qantire gêno şino keye. Karwan zî keweno rayîr, verê xo dano welatê xerbî û şino.
Rîko keye de barê qantire ronano. O û dadîya xo pîya ciwalan benê zere. Fekê ciwalan akenê ke çi tede çin o! De bêrêne temaşeyê zerd û sêmî, xemlûxêzî, xişirî, birîsim û şîfonî bikêne. Pêro zî malo vayî yo. Hetanî ke emrê înan bibo, xo sere ro bikerê zî nêqedîno.
Beno wisar, Rîko yew banêko entîke dano viraştiş. Şino xo rê yew kênaya rinde wazeno. Qalindê aye dano, xemlûxêz keno pa wa. Vêveyê xo ronano, zewijîyêno.
Çi wexto ke îhtîyacîya ey bena, yew-di parçeyanê zerdî, sêmî yan zî yewna eşyayî beno sûke de roşeno, pê xo rê çî-mî herîneno.
Wa Rîko û cinîya xo uca bi miradê xo şa bibên, ma zî tîya bi miradê xo şa bibin.
Wa na sanika ma emşo tîya temam bo, de şewêna rê Homa pîl o. (*)
(*)Na sanike, qijekîya xo de mi fekê merdimanê xo ra goşdarî kerdebî. Dima, mi newe ra nuşte.
Vate, Kovara Kulturî, Nr. 30, Îstanbul Zimistan 2008, r. 29 – 38 de weşanîya.",rîko rîko beno nêbeno yew rîko beno yew zî pîra dadîya ey bena rîko û pîra dadîya xo zaf feqîr benê goşeyê dewe de yew banê înan beno de o zî çi ban eynî koxê kergan dewijî xeyrê xo rê çî danê înan pê benê weye rîko beno camêrdo temam la qet kar û gure nêkeno betalîye musayo xo rê mîyanê dewe de nat û wet tewş gêreno tulingî keno rojêk êdî payîz o zimistan tay mendo keye de mûyeke çin a xemê rîkoyî nîyo dadîya ey ewnêna ke çîyê keye de çin o zimistan ha vernîyê înan de yo zimistan bêro çar panc aşmî binê vewre de manenê homa zano la beno ke geste ver mirenê pîre veng dana rîkoyî vana rîko rîko vano ha dayê vana keyeyê xalê to ha filan dewe de de werze şo keyeyê xalê xo hema ke zimistano gewr ma de nêvejîyayo xalê to citêr o hêgayê ey zaf ê belkî tay qut û put çî mîyê werdî bido to ti ma rê bîyarê ma xo rê pê zimistanî vîyarnin û werzena tay dimso ke dewijan xeyrê xo rê dayo aye kena yew meşke û yew pirêno keheno ke cinîyanê dewe xeyrê xo rê dayo aye dana rîkoyî ke xo dest a bero keyeyê xalê xo rê rîko werzeno pirênî keno binê çengê xo meşka dimsî zî erzeno serê kiftê xo û keweno rayîr ke şiro keyeyê xalê xo rîko şino şino wexto ke rayîr şino nat û wet ewnêno ke erd teqayo her teqe ginaye erdî ro ke qet mevajêne de payîz o hema şilî nêvaraya şeş hewt aşmî yo ke peşka vartî nêvaraya xora erd teqeno la rîko xo rê vano gunek o hela biewnêne nê erdî ra çiqas bîyo têşan hende bîyo têşan ke fekê ey akerde mendo û werzeno fekê meşka dimsî akeno hemeyê dimsî veradano şeqalanê erdî meşke zî gêno erzeno mîyanê yew geme û dana piro şino rîko şino şino reseno verê çemî verê çemî de bala xo dano ke yew dara sewle ha uca dare pelê xo heme rijnayê req rût meydan de tena menda vayêko serdin hetê vakurî ra yeno dare nat û wet keno çewt û keno rast rîko ewnêno halê dare ra zerrîya ey pê veşena vano qey bi dare serd o guneyê xo pê ano vano gunekê hela biewnêne na dare ra çiqas pê serd o verê nê çemî de viran menda va dano piro serdî ver senî lerzena o pirêno ke dadîya ey seba xalcinî dayo ey rîko gêno dano a dara sewle ra û dano piro şino biney şino ewnêno ke yew qijika birîndare ha lengena ey ra ver bineyke perrena û hewna vindena rîko pey ra nano qijike dima nat çarneno wet çeperneno axir qijike qefilneno qijike dekeno pistanê xo û şino şino êreyêk reseno keyeyê xalê xo xalcinîya xo ra vano ka xalo xalcinî vana xalê to şîyo cite şan de yeno bineyke pers mersê yewbînî kenê rîko vano ez şina verê xalê xo xalcinî vana ney meşo ti miqatê keyeyî be hetanî ke ez şina hênî ra çend neqlî awe ana vano wa bo xalcinîya ey senî ke keye ra vejêna rîko şino keweno mîyanê firaqan nat û wet sehneno eh ewnêno ke xalcinîya ey goştê dîkî sûr kerdo birinc pewto goşt nayo ser fekê quşxaneyî girewto binê mekube de nimito rîko keyf keno vano willayî emşo şamîya ma zaf weş a ez mirdîya xo goşt û birinc wena xalcinî di sitilî awe ana kena firaq miraqan neqlêna şina awe rîko hewna nat û wet keyeyî sehneno ewnêno ke kuçike ser o zî beroşê mehîre esto mehîre girîyena rîko hewna keyfê xo ano vano willayî emşo şamîya ma zaf a ma verê cû mehîre wenê dima ra zî goşt û birincî şan de xalê rîkoyî cite ra yeno xalcinî şamî ana la şamî yena ke tena mehîr a goşt û birinc çin ê şamîya xo wenê de xalê rîkoyî mişag o rencber o serre diwês aşmî yaban a xebitîyêno senî şamîya xo weno hewnê ey yeno xalcinî nivînan rafînena her kes keweno binê cayê xo her kes keweno binê cayê xo la çimê rîkoyî goşt û birinc de mendo a qijike zî ha pistanê ey de rîko linga qijike ya şikitî biney şidêneno beno qij qija qijike xalo rîkoyî ra hêrs beno vano law rîko o çî yo qey ti nêverdanê ma xo rê rakewin ez rincan a ez şefeqê tarî de şina cite şan de tarî de yena vengê xo meke hewnê mi yeno rîko vano xalo willayî ez vengê xo nêkena la qijike nêvindena şima zanê ke a vana se xalê ey vano vana se vano xalo willayî qijike vana xalcinîya to goşt û birinc pewto ha quşxane de binê mekube de yo hetanî ke xalcinîya to nêşo ê goşt û birincî nîyaro ti û xalê xo şima mirdîya xo nêwerê ez nêverdana şima rakewê a game xalcinî zana ke wexto ke a şîya hênî rîko kewto mîyanê firaqan nat û wet sehnayo ey goşt û birinc binê mekube de dîyê êdî nêşena înkar zî bikero vana lawooo lawo law rîko ti çi bela yî ez nêşêna serê sibayî rew werza ez yanî areyî de dana xalê to xalcinî mecbur manena şina goşt û birincî dana sênîye ser ana verê înan de nana ro rîko û xalê xo pîya kewenê ser mirdîya xo wenê xalcînî zî zereyê xo de keribîyêna nengan înan çînena vana wa şima rê ziqumo sîya bo xalcinî firaqan darena we her kes keweno binê cayê xo xalê rîkoyî ca de hewn a şino la rîko mexsûs xo nano ro hewnî hema aya maneno şewe epey şina şewe nême ra vîyarena rîko ewnêno ke yew ha dano berî ro xalcinîya ey hêdîka werzena şina berî akena yew camêrd yeno zere xalê ey zî ha hewn de yo xirrî kewta ser xirreno ti mevaje ke o camêrd dostê xalcinîya ey o lajê keyayê dewe yo her şewe yeno verê xalcinîya ey rîko ewnêno ke o camêrd û xalcinîya ey ha qisey kenê goşê xo dano ser ke dostê xalcinîya ey vano ez vêşan a çîyê werdî çin o xalcinîya rîkoyî vana wa ê bi qurbanê to bê yew warezayê nê kutikbawê mêrdeyê mi ewro ameyo keyeyê ma ti vanî qey pirnika şeytanî ra kewto mi to rê yew dîk kerdibi sûr birinc pewtibi la nê bîncirrikî dî ez mecbur menda mi da înan înan werd qedîna û werzena kuçika eywane de adir kena we taweyî kena pirrî rûn ana dana adirî ser dostê xo ra vana de ti verê taweyî de vinde wa rûn biqijilîyo hetanî ke ez şina hakan ana xalcinî şina binê endelî ke hakan bîyaro rûn zî taweyî de serê adirî de qijilîyêno qij qije kewta rûnî ser dostê xalcinîye verê kuçike de kîşta xo daya dêsî adirî tanî daya ey bîyo germin fekê ey akerde mendo ha hewn a şino rîko bineyna vindeno rûn hende qijilîyêno ke êdî kerr beno mêrdek zî hewn a şino rîko bi lezûbez werzeno dimê taweyî de gêno rûnê qijilnayeyî fekê ey ê akerdeyî ra dekeno qirrika yarê xalcinîya xo û şino dekeweno binê cayî dostê xalcinîya ey ca de mireno beno tirrtameşk xalcinîya ey hakan dekena pêşê xo yena ke dostê xo rê hakerûne virazo la ewnêna ke çi bivîno dostê aye ha verê kuçike de lingî kerdê rep merdo cinîke tey vejena ke no fiêl fiêlê rîkoyî yo la şaş manena ke se bikero eke keya pêbihesîyo ke lajê ey aye ser o ameyo kiştiş do her muya porê aye boça yew estorê rewanî wa bibesto û çiqas çol û yabanî estê tede biçarno nat kena wet kena la tu çare nêvînena ke nê cenazeyî binimno bêçare manena venga rîkoyî dana xalcinî veng dana rîkoyî rîkoyî ana eywane vana rîko ez qurbanê to bena ez gîyê to wena ti ma bixelisnê no lajê keyayê dewe yo ameyo kewto keyeyê ma de ez nêzana ke seba dizdî mizdî ameyo seba çîyêna ameyo êdî ez nêzana la tîya merdo eke ma cenazeyê ey cayê vîndî nêkerin û siba pêbihesîyê ke lajê înan keyeyê ma de merdo willayî û bîllayî ma poste kenê ez qurbanê to bena rîko ti yew çare bivîne rîko biney fikirêno dima ra vano eke ti heme zerdanê xo bidê mi ez to xelisnena xalcinî werzena şina kilît dana berê sindoqe ro çiqas zerdê aye xişirê aye xemlûxêzê aye esto hemîne ana dana rîkoyî rîko zerd merdanê xo keno pistanê xo xalcinîya xo ra vano ti lingan de bigîre û rîko zî hetê sereyî de gêno cenazeyî kaş kenê benê serê banî serê banî de benê leweyê sifirneyî linganê ey sifirneyî ra veradanê war yanî eke bineyke bileqo terp û keweno war û danê piro yenê zere senî ke yenê zere rîko keno heylo hawar qîreno vano xalo werze dizd kewto keye xal dest erzeno demançeyê xo vano ka dizd ha ça rîko vano xalo rema şi serê banî vazdanê teber xal ewnêno ke dizd ha leweyê sifirneyî ra keno ke xo kaş biko dîyarê banî la sifirneyî wa aliqîyayo xal xaşmîşkîyê hewnî yo demançe nano pira dizd terp û gineno waro şinê ser ke merdo xalcinî çila fînena ta ana xal verê roşnê çila de rîyê ey ra ewnêno ke lajê keyayî yo vano heywax û heywax mi se kerd bi xo willayî mi lajê keyayê dewe kişt serê sibayî pêhesênê kokê ma anê biney hiş ke yeno xalî sere fetilîyêno rîkoyî ser vano lawo rîko ti vanî se ma se bikin rîko vano xalo ti qet meraq meke ez warezayê to ya ez to xelisnena dima ra vano ti werze mi rê herî cile bike xal şino herî cile keno hîrê heme pîya cenazeyî de gênê wenanê herî resene anê baş girê danê rîko demançeyê xalê xo zî ey ra gêno a şewe herî dano vernîya xo û keweno rayîr keweno rayîr yeno yeno verê çemî mîyanê çemî de yew gola zaf xorîne esta cenazeyî ano serê kendalê a gole herî ser ra ronano yew kerraya xişne ano linga cenazeyî wa girêdano û tehn dano erzeno mîyanê gole cenazeyê lajê keyayî erzeno mîyanê a gola xorîne û wenişeno herê xo dano piro şino licê uca tay zerdan hurdî keno keno pereyî şino dikan bi dikan gêreno keyeyî rê çina lazim o herîneno dima ra şino terzîyî het xo rê qatê kincan zî dano deştiş rîko kincanê xo dano xo ra çî mîyo ke herînayo wenano herê xo û gêno yeno keye dadîya ey vana qey nê çîyî heme xalî dayê rîkoyî persê xal û xalcinîya ey kena rîko qalê çîyê nêkeno vano baş ê rîkoyî qatê kincan dayo xo ra ti vanî qey lajê keyayî yo nat û wet gêreno fors keno şino dewan ra gêreno ke her kes qatê kincanê ey bivîno rojêk hetê êreyî ra gama ke yew dewe ra yeno ke bêro keye ewnêno ke verê çemî de karwanêk ha ronayo barê estor û qantiran heme yew ca de ronayê nobedar ha ver de qantir û estorî ha çerenê zinge zinga zengilan vileyê qatiran ra vila bena peyayanê karwanî ra qismêkî ha verê çemî de kinc mincanê xo şuwenê qismêkî zî adir wekerdo lên nayo ser werd hedirnenê her kes gureyêk de mijul o karwanbaşî zî yew camêrdo gird o her qefşala zimbêlanê ey manena patîla vaşî zend û bendê xo wekerdê her qevda destê ey sey yew kêranî ya vileyêko qalind ha ser o ke eynî sey vileyê boxeyêk o xencer ha verê mîye de cor ra serê yew kerra de vinderto nat û wet emir dano vano heey filankes ti nê gureyî bike fetilîyêno yewnayî ra vano bêvankes ti zî ê gureyî bike her kes binê emrê ey de çarbuley gêreno rîko şino selam dano karwanbaşî karwanbaşî werzeno payanî selamê ey gêno de rîkoyî o qatê kincan dayo xo ra ke ti vanî yan mîre yo yan hakim o rîko û karwanbaşî biney nat û wet ra persê yewbînî kenê rîko vano şima karwanê kamcîn welatî yê kamcîn het ra yenê şinê kamcîn hetî ser karwanbaşî vano ma şerq ra yenê şinê xerb mevajêne ke karwan çîn û maçîn ra hetê hindîstanî ra yeno şino paytextê romî û uca ra wet şino hetê xerbî ya barê karwanî zî heme zerd û sêm o xemlûxêz o xişir mişir o qumaş o birîsim o şîfon o heme malê dikanan o karwan çîn û maçîn ra kewto rayîr bi aşman rayîr ra yo leze keno şino hetê xerbî ra hetanî ke hema vewre nêkewta rayîrî nêgîrîyayê la karwan rincan o peyayê karwanî nêşute yê verê royî ra bîyê vila o ke cilanê xo dano awe ro şuweno o ke awe germin kerda ha leşa xo şuweno her kes bilîyê xo bîyo nika rîko zî kîşta karwanbaşî de serê kerra de ronişto hem temaşe keno hem zî ey reyde terriqneno karwanbaşî ra vano ez wayîrê dewe ya a dewa corêne dewa min a gama ke werd hazir beno karwanbaşî rîkoyî ra vano axa kerem bike ma şamî biwerin rîko şino ewnêno ke werdê înan mişewşî ya kebanî mişewşî pewta her kes uskuraya xo gêno şino verê lênî kebanî her yewî rê yew kondêzê mişewşî dekena û nanê ey dana dest kamî ke bara xo girewte apey yeno cayê de nişeno ro û şamîya xo weno kamî ke mirdî nêwerd ancîna şino kebanî ey rê kondêzêna mişewşî dekena uskura rîko nêweno karwanbaşî vano axa qey to werdê ma nêecibna û biney vindeno vano heqê to esto de ti merdimo axa yê rîko vano ney mesele axatîya mi nîyo ez vana kamo ke na germî biwero xo de virike keno karwanbaşî û heme peyayî şaş manenê vanê axa heyran qurban willayî ma pak ê mişewşîya ma pak a ma tim mişewşî wenê ma zaf rayîr ra şinê mişewşî roqilayanê ma nerm gêna la rîko vano emşo şima heme virike verdanê xo o vano şima virike verdanê xo ê zî vanê ney yew rîkoyî ra yew înan ra karwanbaşî vano bêre ma şert bikin rîko vano temam ma şert bikin ez serê sibayî rew yena teftîş eke şima virike nêverday xo ez emir dana wa xulamê mi panc tene estoranê kihêlan bidê şima nika tewleyê mi de vîst tene estorê kihêlî estê heme zî seglawî yê kihêlê erebî yê karwanbaşî vano qebul eke ma virike verday xo ez zî panc qantiran bi barî wa teslîmê to kena her di destê yewbînî gênê vera heme peyayanê karwanî de soz danê yewbînî soz soz rîko xatir wazeno dano piro şino keye heme peyayê karwanî pey ra ewnênê rîkoyî ra karwanbaşî keyf keno vano ez serê sibayî panc tene estoran ey ra gêna rîko dadîya xo ra vano dayê dadîya ey vana ha rîko rîko vano dayê leze ke beroş bîya kuçike de adir weke beroşêk şolike pewje dadîya ey vana eman yeman şolike ça ra vejîya ti beroşêk şolike pê se kenî rîko vano karê to pê çin o ez ha rakewena ti mi rê beroşêk şolike pewje tayê danîyan zî bike mîyan wa baş bipewjîyo hetanî ke biney bibo qalinde beroşî rone wa biney serdin bibo eke şewe nême ra vîyarte ti venga mi bide dadîya ey vana wa bo û kuçike de adir kena we beroş dana ser rîko zî şino rakeweno dadîya rîkoyî seke ey vato bi o qayde şolike pewjena şewe nême ra vîyarena dadîya ey rîkoyî kena aya werzeno biney rîyê xo şuweno sitilêk keno pirrî şolike û yew kondêzî zî nano mîyan dano piro şino verê çemî cayo ke karwanî tede ronayo şewe tîjeaşm a hewa biney serd o peyayê karwanî heme dorê adirî de hewn a şîyê yew nobedar zî serê baran de ronişte yo şimşêr ha dest de camêrd wexto ke xo beno û ano tîja aşme ver de şimşêr şewq dano beriqîyêno rîko peyê yew kerra de biney xo netirneno baş temaşe keno ewnêno ke hewnê nobedarî zî yeno ey serd o ha xo keno mîyanê baran ra xo keno mîyanê ciwalan ra verêk ra sereyê nobedarî yeno war gineno ciwalî ro hewna xo hesîyeno ha ha reyna sereyê ey çewt beno şino ciwalî ser û êdî berz nêbeno fişşî kewena ser hewn a şino rîko fetilîyêno ewnêno peyayanê bînan ra eh ê zî heme ha hewn de yê hemîne serd o lingî antê xo pîze bîyê sey gude rîko sitilê şolike gêno û şino şino verê karwanî hema şilabendê înan biney sist keno tumananê înan acêr dano û yew kondêzê şolike dekeno mîyanê tumananê her yewî rîko bi lezûbez gureyê xo qedîneno sitilê xo gêno şino peyê kerra ewnêno ke nobedar ha xo hesîyayo dest eşto qevda şimşêrî nat û wet gêreno qey cay linga rîkoyî ginaya yew kerra merra ro camêrd hîşyar bîyo rîko sitilî beno mîyanê yew leme de nimneno dinya zî hêdî hêdî bena roşne yeno serê kerra de ronişeno biney qirrika xo keno pak vano ihhi ihi verê hemîne karwanbaşî werzeno ewnêno hetê baran ra eh barî heme ha cayê xo de nobedar ha dorê baran de nobete de ewnêno hetê estor û qantiran ra heme girêdaye yê hetê corî ra ewnêno ke rîko ha serê kerra de tirûnc dayo sey teyrê bazî çimê xo tûj kerdê ewnêno ca de yeno vîrê karwanbaşî ke şan de înan şert kerdo karwanbaşî hêz dano xo ke werzo payanî la ewnêno ke pey ra hît o hêdîka destê xo beno mîyanê tumananê xo ke çi bivîno xo baş sehneno ke virike verdaya xo hema tumananê xo de gêno ke vazdo şo awe ser û xo bişuwo la rîko xo veradano war acêr yeno vano karwanbaşî vinde ez to sehnena karwanbaşî ewnêno ke xelasa ey çin a vano axa willayî mi virike verdaya xo karwanbaşî leza lez şino tumananê xo vejeno dano awe ro pak şuweno hewna xo pay keno agêreno ke peyayanê xo şîyar bikero rîko zî ha ey ra pey vinderte yo karwanbaşî kuweno kamcîn peyayî ra o peya destê xo beno tumananê xo ke çi bivîno virike verdaya xo kam werzeno tumananê xo de gêno û vazdano awe ser badê cû heme yenê dorê karwanbaşî de top benê rîko vano karwanbaşî rewşa şima senîn a karwanbaşî vileyê xo keno çewt vano axa willayî de malumê to yo eynî sey to vejîya rîko vano karwanbaşî ti zanê ke şertê ma çi bi yan ney karwanbaşî vano belê axayê mi nika ez to rê panc tene qantiran bar kena û bi barî wa teslîmê to kena rîko şino serê kerra de ronişeno û temaşe keno karwanbaşî emr dano rîkoyî rê panc tene qantiran bar kenê her pancine karwanî ra abirnenê ke teslîmê rîkoyî bikerê û bidê rayîrî ser xo rê şorê la o hing de rîko cor ra yeno war tena yew qantire xo rê cîya keno ê bînan fetilneno şaweno mîyanê karwanî dima ra şino destê karwanbaşî gêno vano mi rê na qantire pa barî wa helal bike karwanbaşî ey rê helal keno rîko hefsarê qantire gêno şino keye karwan zî keweno rayîr verê xo dano welatê xerbî û şino rîko keye de barê qantire ronano o û dadîya xo pîya ciwalan benê zere fekê ciwalan akenê ke çi tede çin o de bêrêne temaşeyê zerd û sêmî xemlûxêzî xişirî birîsim û şîfonî bikêne pêro zî malo vayî yo hetanî ke emrê înan bibo xo sere ro bikerê zî nêqedîno beno wisar rîko yew banêko entîke dano viraştiş şino xo rê yew kênaya rinde wazeno qalindê aye dano xemlûxêz keno pa wa vêveyê xo ronano zewijîyêno çi wexto ke îhtîyacîya ey bena yew di parçeyanê zerdî sêmî yan zî yewna eşyayî beno sûke de roşeno pê xo rê çî mî herîneno wa rîko û cinîya xo uca bi miradê xo şa bibên ma zî tîya bi miradê xo şa bibin wa na sanika ma emşo tîya temam bo de şewêna rê homa pîl o na sanike qijekîya xo de mi fekê merdimanê xo ra goşdarî kerdebî dima mi newe ra nuşte vate kovara kulturî nr 30 îstanbul zimistan 2008 r 29 38 de weşanîya,17535,3302,,
81420-p1,zza,wiki,"Xızmete
Turquestein-Blancrupt de şebekey awe esto û sistemê kanalizasyoni vıraziyao. Xeta elektriki û interneti anciyaya.",xızmete turquestein blancrupt de şebekey awe esto û sistemê kanalizasyoni vıraziyao xeta elektriki û interneti anciyaya,121,16,81420.0,Turquestein-Blancrupt
47115-p0,zza,wiki,"Yew erdo awın
'''Erdo awın''', erdi sero en mexelın erd o heta mexeli ra zengin u heta heywanet de werdi rê Ekosistemê do hewl o. Serdı çehar panc fıni mexel kes şeno bıgiro.",yew erdo awın erdo awın erdi sero en mexelın erd o heta mexeli ra zengin u heta heywanet de werdi rê ekosistemê do hewl o serdı çehar panc fıni mexel kes şeno bıgiro,174,33,47115.0,Erdo awın
99228-p0,zza,wiki,"'''MydonoseTürk''', yew kanalê radyoyê dewleta Tırkiyayo.",mydonosetürk yew kanalê radyoyê dewleta tırkiyayo,57,6,99228.0,MydonoseTürk
92002-p3,zza,wiki,"Nıfus
Grafikê diagrami sero gorey seran ra nıfusê Les Chéris;",nıfus grafikê diagrami sero gorey seran ra nıfusê les chéris,61,10,92002.0,Les Chéris
488-p12,zza,wiki,"- Çerxa mına çerxkerdiye, bınê merxi de rokerdiye. (''zer(re)veti'')",çerxa mına çerxkerdiye bınê merxi de rokerdiye zer re veti,68,10,488.0,Zazakipediya:Mertali
68740-p36,zza,wiki,"35. ‘Hetonê gı yi meywê ninon u pê xebat‘a tıra çond kowti cı, wa bıweri.",35 hetonê gı yi meywê ninon u pê xebat a tıra çond kowti cı wa bıweri,73,16,68740.0,Suray Yasini
4960-p175,zza,wiki,"- Dua ke qewul nêbie, yison cırê amin nêvano.",dua ke qewul nêbie yison cırê amin nêvano,45,8,4960.0,Vatenê verênan
77022-p0,zza,wiki,"'''NGC 6424''', yew cısmê asmêniyo. No cısım Katalogê Neweyê Pêroyi de komê estareyanê miyan de ca gêno. de terefê i ra keşıf biyo.",ngc 6424 yew cısmê asmêniyo no cısım katalogê neweyê pêroyi de komê estareyanê miyan de ca gêno de terefê i ra keşıf biyo,131,23,77022.0,NGC 6424
5276-p0,zza,wiki,"'''Kofkas''', yew mıntıqaya ke Ewropa u Asya miyan de ca gêna, yanê Ewrasya dera. Dormey sinorê Kofkasi ra, zıme de Rusya, verocê rocawani de Tırkiya, rocawan de Deryao Siya, rocvetış de Deryay Xezeri u veroc de İran estê. Kofkas koyanê Kofkasi u eraziyanê nızmê dormey ra yena pêra.",kofkas yew mıntıqaya ke ewropa u asya miyan de ca gêna yanê ewrasya dera dormey sinorê kofkasi ra zıme de rusya verocê rocawani de tırkiya rocawan de deryao siya rocvetış de deryay xezeri u veroc de i ran estê kofkas koyanê kofkasi u eraziyanê nızmê dormey ra yena pêra,283,49,5276.0,Kofkas
9276-p0,zza,wiki,"'''31 Temmuz''', Serrenamey Gregoryani de roca 212yına.",31 temmuz serrenamey gregoryani de roca 212yına,55,7,9276.0,31 Temuz
80895-p1,zza,wiki,"Bıvênên
* Komunê Mozeli 
* Qezê Grand Esti",bıvênên komunê mozeli qezê grand esti,42,6,80895.0,Mozel
53936-p0,zza,wiki,"'''Menelaos''', bıray qıralê Mykene Agememnoniyo u mêrdey Heleno. Helena zewciya u bı qıralê Sparta. Prensê Truvay Paris Helen remnê.",menelaos bıray qıralê mykene agememnoniyo u mêrdey heleno helena zewciya u bı qıralê sparta prensê truvay paris helen remnê,133,19,53936.0,Menelaos
92042-p1,zza,wiki,"Xızmete
Hiesville de şebekey awe esto û sistemê kanalizasyoni ratneyao. Xeta elektriki û interneti anciyao.",xızmete hiesville de şebekey awe esto û sistemê kanalizasyoni ratneyao xeta elektriki û interneti anciyao,107,15,92042.0,Hiesville
59086-p2,zza,wiki,"Kategoriye:Tırkiya de qetliami
Kategoriye:Tırkiya de 1955
Kategoriye:Tırkiya de nasyonalizm",kategoriye tırkiya de qetliami kategoriye tırkiya de 1955 kategoriye tırkiya de nasyonalizm,91,12,59086.0,Pogromê Estamoli
46160-p1,zza,wiki,"Kategoriye:Zıwani
Kategoriye:Zıwanê Malêzya
Kategoriye:Zıwanê İndonezya
Kategoriye:Zıwanê Bruney
Kategoriye:Zıwanê Singapuri
Kategoriye:Zıwanê ke be alfabey Latinki nusiyenê
Kategoriye:Zıwanê ke be alfabey Cawki nusiyenê
Kategoriye:Zıwanê ke be alfabey Tayki nusiyenê",kategoriye zıwani kategoriye zıwanê malêzya kategoriye zıwanê i ndonezya kategoriye zıwanê bruney kategoriye zıwanê singapuri kategoriye zıwanê ke be alfabey latinki nusiyenê kategoriye zıwanê ke be alfabey cawki nusiyenê kategoriye zıwanê ke be alfabey tayki nusiyenê,267,36,46160.0,Malayki
59799-p0,zza,wiki,"'''Sirın''', yew dewa merkezê qezay Çoligiya.",sirın yew dewa merkezê qezay çoligiya,45,6,59799.0,Sirın
5963131EEE,zza,zazagorani,"Talîmatê hêrişê vera goristanê Erdîşî dozgerî dayo

Goreyê raporê Wanî yo ke hetê pawitoxanê heqanê merdiman ra ame amadekerdene talîmatê hêrişê vera goranê Erdişî dozgerî dayo.

Komîsyonê Heqanê Merdiman ê Wanî, Komeleya Hûquqnasan ê Azadan (OHD) û Komeleya Heqanê Merdiman (îHD) derheqê hêrişê vera goristanê Erdîşî yo ke aşma nîsane de ame kerdene de raporêk amade kerd.
Heyetê da zanayene ke înan taxayanê Şarbazar, Panî, Soskênî yê qezaya Erdîşî yê Wanî de gorê ke kerrayê înan ameyî şiktene û ameyî weşanayene zîyaret kerdî û bi merdimanê înan Huseyîn Bozan, Zeynel Abidin Çagan, Mehmet Vefa Kara, Ayşan Kara û Abdulbarî Edemenî pêvînayîş kerdî.
Goreyê raporî leşkerê ke ameyî gorî weşanayî keyeyan rê zext kerd û vato ke ê goran newe ra virazî ê do newe ra bêrê înan birijnê. Reyna pîya bi kerrayanê goran cayo ke tede Quran yeno wendene zî ameyo şikitene. Heyetê da zanayene ke nizdîbîyayîş û tewirê leşkeran xatirayê merdeyan rê heqerat o û no goreyê qanûnî sûc o.Rapor de ame vatene ke personelo leşkerî ke kerreyê goran şikitî keyeyan ra vat ê pê talîmatê dozgerî goran rijenenê. Heyetê bale ante ser ke rixmo ke OHAL ameyo wedaritene pratîk de yeno caardene û vat goreyê pêkerdişanê mîyanneteweyî gorê ke cayê taybet ê cuya yê rê mudaxalekerdiş teberê qanûnî de yo û binpaykerdişê heqan o. Derheqê nê hêrişan de ganî pêhesnayeîşê sucî û derheqê babete de pêvînîyîşî bêrê kerdene.
Şûbeyê OHDyî yê Amedî zî raporê xo de dabi zaneyen ke Goristanê Sisê de sereyê serra 2020î ra nata 241 gorî ameyî rijnayene rayapêroyî ra amebi waştene ke wa derehqê babete hîsgêr bo.",talîmatê hêrişê vera goristanê erdîşî dozgerî dayo goreyê raporê wanî yo ke hetê pawitoxanê heqanê merdiman ra ame amadekerdene talîmatê hêrişê vera goranê erdişî dozgerî dayo komîsyonê heqanê merdiman ê wanî komeleya hûquqnasan ê azadan ohd û komeleya heqanê merdiman îhd derheqê hêrişê vera goristanê erdîşî yo ke aşma nîsane de ame kerdene de raporêk amade kerd heyetê da zanayene ke înan taxayanê şarbazar panî soskênî yê qezaya erdîşî yê wanî de gorê ke kerrayê înan ameyî şiktene û ameyî weşanayene zîyaret kerdî û bi merdimanê înan huseyîn bozan zeynel abidin çagan mehmet vefa kara ayşan kara û abdulbarî edemenî pêvînayîş kerdî goreyê raporî leşkerê ke ameyî gorî weşanayî keyeyan rê zext kerd û vato ke ê goran newe ra virazî ê do newe ra bêrê înan birijnê reyna pîya bi kerrayanê goran cayo ke tede quran yeno wendene zî ameyo şikitene heyetê da zanayene ke nizdîbîyayîş û tewirê leşkeran xatirayê merdeyan rê heqerat o û no goreyê qanûnî sûc o rapor de ame vatene ke personelo leşkerî ke kerreyê goran şikitî keyeyan ra vat ê pê talîmatê dozgerî goran rijenenê heyetê bale ante ser ke rixmo ke ohal ameyo wedaritene pratîk de yeno caardene û vat goreyê pêkerdişanê mîyanneteweyî gorê ke cayê taybet ê cuya yê rê mudaxalekerdiş teberê qanûnî de yo û binpaykerdişê heqan o derheqê nê hêrişan de ganî pêhesnayeîşê sucî û derheqê babete de pêvînîyîşî bêrê kerdene şûbeyê ohdyî yê amedî zî raporê xo de dabi zaneyen ke goristanê sisê de sereyê serra 2020î ra nata 241 gorî ameyî rijnayene rayapêroyî ra amebi waştene ke wa derehqê babete hîsgêr bo,1575,264,,
6446-p2,zza,wiki,"Laco yew Seydxan bi. O kalıkê Abasanê İksoriyo. 
Laco yew Sari bi. O kalıkê Abasanê Tilage, Haçkirag û Losıgi bi. 
Laco yew Qeresılêman bi. O rayber bi û kalıkê çê Babayi (Çê Sey Rızayi), bırayê cı çê Topî (Zeynel Top) û çê Koçi bi. 
Laco yew ki Abas bi. O ki kalıkê Abasanê Halvoriye û bali mezra, çê ağayi inan ra yeno mesela Çê Suri.",laco yew seydxan bi o kalıkê abasanê i ksoriyo laco yew sari bi o kalıkê abasanê tilage haçkirag û losıgi bi laco yew qeresılêman bi o rayber bi û kalıkê çê babayi çê sey rızayi bırayê cı çê topî zeynel top û çê koçi bi laco yew ki abas bi o ki kalıkê abasanê halvoriye û bali mezra çê ağayi inan ra yeno mesela çê suri,336,66,6446.0,Abas
74219-p0,zza,wiki,'''Bézu-Saint-Germain''' dewleta Fransa de mıntıqaya Hauts-de-France miyan de yew komunê qezay Aisneyo,bézu saint germain dewleta fransa de mıntıqaya hauts de france miyan de yew komunê qezay aisneyo,102,16,74219.0,Bézu-Saint-Germain
27355-p1,zza,wiki,"'''Sosıne''' (be Latinki: ''Lilium''), nameyê yew vıleyo. Nêzdiyê 110 tewrê nê royeki estê. Bezna xo nezdiyê 60cm û heta 180cm vurriyena. Nebato de zafserrıno.",sosıne be latinki lilium nameyê yew vıleyo nêzdiyê 110 tewrê nê royeki estê bezna xo nezdiyê 60cm û heta 180cm vurriyena nebato de zafserrıno,159,24,27355.0,Sosıne
60360-p0,zza,wiki,"'''Valdeolmos-Alalpardo''', dewleta İspanya de, merkezê Madridiyo otonom de, be wılayetê Madridi miyan de yew belediyaya.",valdeolmos alalpardo dewleta i spanya de merkezê madridiyo otonom de be wılayetê madridi miyan de yew belediyaya,121,17,60360.0,Valdeolmos-Alalpardo
90984-p1,zza,wiki,"Xızmete
Plan-de-Baix de şebekey awe esto û sistemê kanalizasyoni ratneyao. Xeta elektriki û interneti anciyao.",xızmete plan de baix de şebekey awe esto û sistemê kanalizasyoni ratneyao xeta elektriki û interneti anciyao,110,17,90984.0,Plan-de-Baix
77292-p2,zza,wiki,"Kategoriye:Airdrie, Alberta
Kategoriye:Sûkê Kanada",kategoriye airdrie alberta kategoriye sûkê kanada,50,6,77292.0,"Airdrie, Alberta"
87915-p3,zza,wiki,"Nıfus
Grafikê diagrami sero gorey seran ra nıfusê Mas-des-Cours;",nıfus grafikê diagrami sero gorey seran ra nıfusê mas des cours,64,11,87915.0,Mas-des-Cours
87874-p0,zza,wiki,"'''Molleville''', yew komunê wılayetê Audea. Na komune dewleta Fransa de mıntıqaya Occitanie de ca gêna.",molleville yew komunê wılayetê audea na komune dewleta fransa de mıntıqaya occitanie de ca gêna,104,15,87874.0,Molleville
60692-p5,zza,wiki,"Resayış
Özyurt de xeta ceyran u têlefoni esta. Raya dewe asfalta.",resayış özyurt de xeta ceyran u têlefoni esta raya dewe asfalta,65,11,60692.0,"Özyurt, Devrek"
B2661C10D4,zza,zazagorani,"Torra Ziwan û Kulturî ra bernameyê Roşanê Ziwanê Kurdkî

Torra Ziwan û Kulturî bi wesîleya 15ê Gulane Roşanê Ziwanê Kurdkî bernameyêkê 5 rojan amade kerd. Nê 5 rojan de bi hawayêkê online xoşebere û konserî do bêrê kerdene.

Torra Ziwan û Kulturî pê wesîleya 15ê Gulane Roşanê Ziwanê Kurdkî bernameyêkê aktîvîteyan amade kerd. Bername qasê 5 rojan dewam bikero û rîyê vîrusê Korona ra aktîvîteyî do înternet ser o bêrê serûberkerdene. Torra Ziwan û Kulturî derheqê bernameyî de nê çîyî vatî: ''Ganî ma sey kurdan seba ke ziwanê ma vîn nêbo tay biran bîyarê ca. Hema zî seba ke kurdkî qisey kenê merdimî kişîyenê û yew fermîyetê ziwanê ma zî çin o. Roje roja pawitişê ziwanî ya. ''
Aktîvetîyî do hesabanê twitter û instagramî yê Torra Ziwan û Kulturî, Weqfa Mezopotamya, Komeleya Cinîyan a Rosa, Akademîya MA Muzîkî û Enstîtuyê Kurdî yê Îstanbulî de bêrê weşanene.
Heyecan û kêfxweşîya Cejna Zimanê Kurdî bi bername û çalakîyên cur bi cur di ser medyaya civakî ra dibin mêvanên mala we. Cejna Zimanê Kurdî pîroz be! pic.twitter.com/HC5bK5qRIt
Bername wina yo:
13ê Gulane-Çarşeme
Konser
Beşdar: Koma Muzîkî ya MA
Saete: 15.00
Platformê Hesabê Instagramî: Music Centerê
Xoşebere
Babete: Cuye û eserê Baba Tahîrê Hemedanî
Beşdar: Prof. Dr. Kadri Yildırim
Moderator: Sami Tan
Saete: 21.00
Platformê Hesabê Instagramî: Tora Ziman û Çanda Kurdî
14ê Gulane-Pancşeme
Xoşebere
Babete: Dîyalektê Kurdkî
Beşdar: Jiyar Cehanferd
Moderator: Evine Durre
Saete: 21.30
Platformê Hesabê Twitterî: Enstîtuya Kurdî ya Stenbolê
Xoşebere
Babete: Cinîye û Ziwan
BEşdarî: Netîce Altun, Mizgîne Tahîr, Ayşe Gokkan
Moderator: Devrîme Demir
Saete: 21.00
Platformê Hesabê Instagramî: Komeleya Cinîyan a Rosa
15ê Gulane-Îne
Xoşebere
Babete: Roşanê Ziwanê Kurdkî de Yewîya Kurdan, Ziwan û Kultur
Beşdarî: Sînemxane Bedîrxan, Ferda Cemîloglu, Kendal Nezan, Zana Farqînî
Moderator: Cevahir Sadak
Saete: 14.00
Platform: Kurtçe Televizyonlar
Xoşebere
Babete: Folklor û Ziwan
Beşdar: Prof. Dr. Celîle Celîl
Moderator: Zeynebe Yaş
Saete: 21.00
Platformê Hesabê Instagramî: Weqfa Mezopotamyayê
16ê Gulane- Şeme
Xoşebere
Babete: Manaya Zazakî, girîngîya ci û rolê ci
Beşdar: Îhsan Espar
Moderator: Denîz Gunduz
Saete: 16.30
Platformê Hesabê Instagramî: Weqfa Mezopotamya
Xoşebere
Babete: Rojhelatê Kurdîstanî de Rewşa Ziwanî
Beşdar: Prof. Dr. Abbas Vali
Moderator: Mikail Bilbil
Saete: 21.00
Platformê Hesabê Instagramî: Weqfa Mezopotamyayê
17ê Gulane-Yewşeme
Xoşebere
Babete: Weşanê Doman û Ciwanan
Beşdarî: Ulku Bîngol, Mem Bawer
Moderator: Bawer Berşev
Saete: 21.00
Platformê Hesabê Instagramî: Tora Ziman û Çanda Kurdî
Xoşebere
Babete: Başûrê Kurdîstanî de Ziwan û Perwerde
Beşdar: Prof. Dr. Evdilwehab Xalid Musa
Moderator: Mikail Bilbil
Saete: 22.00
Platformê Hesabê Instagramî: Weqfa Mezopotamyayê",torra ziwan û kulturî ra bernameyê roşanê ziwanê kurdkî torra ziwan û kulturî bi wesîleya 15ê gulane roşanê ziwanê kurdkî bernameyêkê 5 rojan amade kerd nê 5 rojan de bi hawayêkê online xoşebere û konserî do bêrê kerdene torra ziwan û kulturî pê wesîleya 15ê gulane roşanê ziwanê kurdkî bernameyêkê aktîvîteyan amade kerd bername qasê 5 rojan dewam bikero û rîyê vîrusê korona ra aktîvîteyî do înternet ser o bêrê serûberkerdene torra ziwan û kulturî derheqê bernameyî de nê çîyî vatî ganî ma sey kurdan seba ke ziwanê ma vîn nêbo tay biran bîyarê ca hema zî seba ke kurdkî qisey kenê merdimî kişîyenê û yew fermîyetê ziwanê ma zî çin o roje roja pawitişê ziwanî ya aktîvetîyî do hesabanê twitter û instagramî yê torra ziwan û kulturî weqfa mezopotamya komeleya cinîyan a rosa akademîya ma muzîkî û enstîtuyê kurdî yê îstanbulî de bêrê weşanene heyecan û kêfxweşîya cejna zimanê kurdî bi bername û çalakîyên cur bi cur di ser medyaya civakî ra dibin mêvanên mala we cejna zimanê kurdî pîroz be pic twitter com hc5bk5qrit bername wina yo 13ê gulane çarşeme konser beşdar koma muzîkî ya ma saete 15 00 platformê hesabê instagramî music centerê xoşebere babete cuye û eserê baba tahîrê hemedanî beşdar prof dr kadri yildırim moderator sami tan saete 21 00 platformê hesabê instagramî tora ziman û çanda kurdî 14ê gulane pancşeme xoşebere babete dîyalektê kurdkî beşdar jiyar cehanferd moderator evine durre saete 21 30 platformê hesabê twitterî enstîtuya kurdî ya stenbolê xoşebere babete cinîye û ziwan beşdarî netîce altun mizgîne tahîr ayşe gokkan moderator devrîme demir saete 21 00 platformê hesabê instagramî komeleya cinîyan a rosa 15ê gulane îne xoşebere babete roşanê ziwanê kurdkî de yewîya kurdan ziwan û kultur beşdarî sînemxane bedîrxan ferda cemîloglu kendal nezan zana farqînî moderator cevahir sadak saete 14 00 platform kurtçe televizyonlar xoşebere babete folklor û ziwan beşdar prof dr celîle celîl moderator zeynebe yaş saete 21 00 platformê hesabê instagramî weqfa mezopotamyayê 16ê gulane şeme xoşebere babete manaya zazakî girîngîya ci û rolê ci beşdar îhsan espar moderator denîz gunduz saete 16 30 platformê hesabê instagramî weqfa mezopotamya xoşebere babete rojhelatê kurdîstanî de rewşa ziwanî beşdar prof dr abbas vali moderator mikail bilbil saete 21 00 platformê hesabê instagramî weqfa mezopotamyayê 17ê gulane yewşeme xoşebere babete weşanê doman û ciwanan beşdarî ulku bîngol mem bawer moderator bawer berşev saete 21 00 platformê hesabê instagramî tora ziman û çanda kurdî xoşebere babete başûrê kurdîstanî de ziwan û perwerde beşdar prof dr evdilwehab xalid musa moderator mikail bilbil saete 22 00 platformê hesabê instagramî weqfa mezopotamyayê,2766,426,,
45415-p7,zza,wiki,* çekunê eve dı (ya ki jêde) parçu de jü « r » nuşino.,çekunê eve dı ya ki jêde parçu de jü r nuşino,54,11,45415.0,Zazakipediya:R u RR sero
84683-p0,zza,wiki,"'''Domblain''', dewleta Fransa de, mıntıqaya Grand Esti de, wılayetê Haute-Marney de yew komuna. 
Embıryan",domblain dewleta fransa de mıntıqaya grand esti de wılayetê haute marney de yew komuna embıryan,106,15,84683.0,Domblain
F4F76845E9,zza,zazagorani,"Korona: 27 kesanê bînan cuya xo vînî kerde

Goreyê doneyena peyênan ê selahîyetdaranê Tirkîya ewro rîyê janê Korona ra 27 kesanê bînan cuya xo vînî kerde û hûmara kesanê ke cuya xo vînî kerde bîye 4 hezar û 276.

Wezîrê Weşîye Fahrettin Kocayî hesabê xo yê Twîtterî ser ra derheqê rewşa peyêne ya vîrusê Korona de zanayîş pare kerd.
Goreyê zanayîşanê ke Kocayî dayî 24 saetanê peyênan de Kurdîstan û Tirkîya de 27 kesanê bînan cuya xo vînî kerde û 952 kesanê bînan de nêweşîye ameye tesbîtkerdene. Goreyê naye kesanê ke heta ewro cuya vînî kerdo hûmara înan bîye 4 hezar û 276 û hûmara kesanê ke pê nê janî kewtî bîye 154 hezar û 500.",korona 27 kesanê bînan cuya xo vînî kerde goreyê doneyena peyênan ê selahîyetdaranê tirkîya ewro rîyê janê korona ra 27 kesanê bînan cuya xo vînî kerde û hûmara kesanê ke cuya xo vînî kerde bîye 4 hezar û 276 wezîrê weşîye fahrettin kocayî hesabê xo yê twîtterî ser ra derheqê rewşa peyêne ya vîrusê korona de zanayîş pare kerd goreyê zanayîşanê ke kocayî dayî 24 saetanê peyênan de kurdîstan û tirkîya de 27 kesanê bînan cuya xo vînî kerde û 952 kesanê bînan de nêweşîye ameye tesbîtkerdene goreyê naye kesanê ke heta ewro cuya vînî kerdo hûmara înan bîye 4 hezar û 276 û hûmara kesanê ke pê nê janî kewtî bîye 154 hezar û 500,634,116,,
69944-p0,zza,wiki,"'''.pay''', internet de nameyê bandıra jeneriko (be zıwanê İngılızki: ''Generic top-level domains'') ke yew kodê interneti rê abıriyayo.",pay internet de nameyê bandıra jeneriko be zıwanê i ngılızki generic top level domains ke yew kodê interneti rê abıriyayo,136,20,69944.0,.pay
86889-p0,zza,wiki,"'''Chouzy-sur-Cisse''', yew komunê wılayetê Loir-et-Cherio. No komune dewleta Fransa de mıntıqaya Centre-Val de Loire de ca gêno.",chouzy sur cisse yew komunê wılayetê loir et cherio no komune dewleta fransa de mıntıqaya centre val de loire de ca gêno,129,22,86889.0,Chouzy-sur-Cisse
84088-p0,zza,wiki,"'''Voisey''', dewleta Fransa de, mıntıqaya Grand Esti de, wılayetê Haute-Marney de yew komuna.",voisey dewleta fransa de mıntıqaya grand esti de wılayetê haute marney de yew komuna,94,14,84088.0,"Voisey, Haute-Marne"
49227-p0,zza,wiki,"'''Golden Retriever''' yew ırqê kutıkano populero. Key ke merdımi çıyê seyd kenê o zeman teyri vinêno u ano kışta wayirê xo. Eno ırqê kutıki keyeyan miyan de zaf ewniyeno cı. Golden Retriever çiyan zaf weş vinêno u kutıko aqılo coka wayirê cı biyayış zaf asano. Nanwer, egzersiz u kontrolê veterineri ra ğeyri çiyê do bin luzım nêkeno.",golden retriever yew ırqê kutıkano populero key ke merdımi çıyê seyd kenê o zeman teyri vinêno u ano kışta wayirê xo eno ırqê kutıki keyeyan miyan de zaf ewniyeno cı golden retriever çiyan zaf weş vinêno u kutıko aqılo coka wayirê cı biyayış zaf asano nanwer egzersiz u kontrolê veterineri ra ğeyri çiyê do bin luzım nêkeno,335,57,49227.0,Golden Retriever
53966-p8,zza,wiki,"Kayê videoyi
* ''Crash: Mind over Mutant'' - tay vengi
* ''Devil Kings'' – Bramble
* ''Dynasty Warriors Gundam 2'' - Haro, Tutorial Operator
* ''Under the Skin'' – Cosmi, Annie Campbell, Little Girl, Girl #2, Princess Cleo
* ''Mobile Suit Gundam: Encounters in Space'' - Soldiers and Pilots
* ''My Little Pony'' – Rarity, Princess Luna/Nightmare Moon, Mrs. Cake",kayê videoyi crash mind over mutant tay vengi devil kings bramble dynasty warriors gundam 2 haro tutorial operator under the skin cosmi annie campbell little girl girl 2 princess cleo mobile suit gundam encounters in space soldiers and pilots my little pony rarity princess luna nightmare moon mrs cake,361,49,53966.0,Tabitha St. Germain
65465-p0,zza,wiki,"'''Potsdam''', yew sûka dewleta Almanyaya.",potsdam yew sûka dewleta almanyaya,42,5,65465.0,Potsdam
71032-p0,zza,wiki,"'''NGC 4908''', yew cısmê asmêniyo. No cısım Katalogê Neweyê Pêroyi de ca gêno. de terefê i ra keşıf biyo.",ngc 4908 yew cısmê asmêniyo no cısım katalogê neweyê pêroyi de ca gêno de terefê i ra keşıf biyo,106,19,71032.0,NGC 4908
90246-p1,zza,wiki,"Xızmete
Deux-Évailles de şebekey awe esto, sistemê kanalizasyoni, elektrik û internet anciyao.",xızmete deux évailles de şebekey awe esto sistemê kanalizasyoni elektrik û internet anciyao,94,13,90246.0,Deux-Évailles
91687-p6,zza,wiki,"Kategoriye:Orglandes
Kategoriye:Komunê Manchey",kategoriye orglandes kategoriye komunê manchey,46,5,91687.0,Orglandes
88080-p6,zza,wiki,"Kategoriye:Folgoso do Courel
Kategoriye:Belediyey Lugoy",kategoriye folgoso do courel kategoriye belediyey lugoy,55,7,88080.0,Folgoso do Courel
4D8FD1FEE9,zza,zazagorani,"Maya Haştîye Nacîye Îke tim sefanê verînan de bî

Maya Haştîye ya Geverî Nacîye îke ya ke 20 serrê cuya xo seba ke ciwanî memirê û haştîye bêro dayî, verê mergê xo vaştêne ke haştîye bivîne.

Maya Haştîye ya Geverî Nacîye îke (70) perey Nêweşxaneyê Perwerde û Cigêrayîşî yê Herême a Wanî de cuya xo vînî kerde. Îke xeylêk wexto ke vera nêwşîya rîşa merdimwere xo ver dayêne. Canazeya Ike Goristanê Bajerge yê Geverî de ameye definkerdene.
Îke ya ke di domanê xo Têgêrayîşê Azadîye yê Kurdî de vînî kerdî 20 serrî yo Gever de sey endama Meclîsê Mayanê Haştîye xebat kerdêne. Maye Îke her wext seba ameyîşê haştîye têkoşîn kerd. Wextanê ke pêkewtişê xorî bibê zî a tim vernîya sefan de bî. Rixmo ke aye di domanê xo vînî kerdî dejê ewladî eştêne zerîya xo û seba ke mayê bînî nê dejî meancê çiyo ke destê aye ra amêyene kerdêne. Seba ke haştîye watşêne tim hedefê dewleta tirke de bî. Aye çend vatêne haştîye dewlete hende hêrişê ci kerdêne. Xeylêk reyî polîsan eştê keyeyê ci ser û a destbend kerde.
Rixmê heme hêrişanê dewlete Maye îke hem Kurdîstan û Tirkîya de hem zî Ewropa de mîyanê çalakîyan de aktîf ca girewt. Rixmê averşîyayîşê serranê aye û nêweşîya ci ya mergî yew xeyalê aye bibê ‘Haştîye‘. Maye Îke heme aktîvîte û çalakîyanê ke tewrê ci bîyêne wina vatêne: ''Ez heta ke haştîye mevînî nêmirena. Eke ez bimirî şima miheqeq haştîye bîyarê na cografya.'' Maye Îke haştîye nêdî û mîyanê ma ra vejîyaye la heme merdim û nasê aye vanê ke ê do seba ke waştişê aye bîyarî ca têkoşîn xurt bikerê.
Maya Haştîye Naciye Îke ya ke Nobeta Demokrasîyî de ya ke vera qeyûmanê Amed, Wan û Mêrdînî ameyêne viraştene bibî û wina vatbi: ''Ez nê xoverdayîşî silam kena. Êyê ke vanê ez demokrata wa vera na nêheqîye destê xo derg bikerê. Îradeyê ma ame xespkerdene. Ma bi îradeyê xo bi zehmetîyanê girdan nê şaredarîye vistê dest. Hende heqaret hîno bes nîyo? Wa demokratê nê komelî paştî bidê ma. Êyê ke xo ver danê ez înan rê serkewtiş wazena. Serkewtiş ê ma yo. Ê se kenê wa bikerê ma do miheqeq ser bikewê.''",maya haştîye nacîye îke tim sefanê verînan de bî maya haştîye ya geverî nacîye îke ya ke 20 serrê cuya xo seba ke ciwanî memirê û haştîye bêro dayî verê mergê xo vaştêne ke haştîye bivîne maya haştîye ya geverî nacîye îke 70 perey nêweşxaneyê perwerde û cigêrayîşî yê herême a wanî de cuya xo vînî kerde îke xeylêk wexto ke vera nêwşîya rîşa merdimwere xo ver dayêne canazeya ike goristanê bajerge yê geverî de ameye definkerdene îke ya ke di domanê xo têgêrayîşê azadîye yê kurdî de vînî kerdî 20 serrî yo gever de sey endama meclîsê mayanê haştîye xebat kerdêne maye îke her wext seba ameyîşê haştîye têkoşîn kerd wextanê ke pêkewtişê xorî bibê zî a tim vernîya sefan de bî rixmo ke aye di domanê xo vînî kerdî dejê ewladî eştêne zerîya xo û seba ke mayê bînî nê dejî meancê çiyo ke destê aye ra amêyene kerdêne seba ke haştîye watşêne tim hedefê dewleta tirke de bî aye çend vatêne haştîye dewlete hende hêrişê ci kerdêne xeylêk reyî polîsan eştê keyeyê ci ser û a destbend kerde rixmê heme hêrişanê dewlete maye îke hem kurdîstan û tirkîya de hem zî ewropa de mîyanê çalakîyan de aktîf ca girewt rixmê averşîyayîşê serranê aye û nêweşîya ci ya mergî yew xeyalê aye bibê haştîye maye îke heme aktîvîte û çalakîyanê ke tewrê ci bîyêne wina vatêne ez heta ke haştîye mevînî nêmirena eke ez bimirî şima miheqeq haştîye bîyarê na cografya maye îke haştîye nêdî û mîyanê ma ra vejîyaye la heme merdim û nasê aye vanê ke ê do seba ke waştişê aye bîyarî ca têkoşîn xurt bikerê maya haştîye naciye îke ya ke nobeta demokrasîyî de ya ke vera qeyûmanê amed wan û mêrdînî ameyêne viraştene bibî û wina vatbi ez nê xoverdayîşî silam kena êyê ke vanê ez demokrata wa vera na nêheqîye destê xo derg bikerê îradeyê ma ame xespkerdene ma bi îradeyê xo bi zehmetîyanê girdan nê şaredarîye vistê dest hende heqaret hîno bes nîyo wa demokratê nê komelî paştî bidê ma êyê ke xo ver danê ez înan rê serkewtiş wazena serkewtiş ê ma yo ê se kenê wa bikerê ma do miheqeq ser bikewê,2003,363,,
72274-p0,zza,wiki,"'''NGC 1410''', yew cısmê asmêniyo. No cısım Katalogê Neweyê Pêroyi de ca gêno. de terefê i ra keşıf biyo.",ngc 1410 yew cısmê asmêniyo no cısım katalogê neweyê pêroyi de ca gêno de terefê i ra keşıf biyo,106,19,72274.0,NGC 1410
88593-p2,zza,wiki,"Embıryani
Dormey La Chapelle-aux-Bois ra komunê Les Voivres, Xertigny, Bains-les-Bains, Charmois-l'Orgueilleux, Le Clerjus û Harsault ca gênê.",embıryani dormey la chapelle aux bois ra komunê les voivres xertigny bains les bains charmois l orgueilleux le clerjus û harsault ca gênê,142,23,88593.0,La Chapelle-aux-Bois
70021-p0,zza,wiki,"'''.hdfcbank''', internet de nameyê bandıra jeneriko (be zıwanê İngılızki: ''Generic top-level domains'') ke yew kodê interneti rê bırriyayo a.",hdfcbank internet de nameyê bandıra jeneriko be zıwanê i ngılızki generic top level domains ke yew kodê interneti rê bırriyayo a,143,21,70021.0,.hdfcbank
34974-p61,zza,wiki,"About 600 of the best of Wikimedia Common's photos, animations, movies and graphics were chosen &ndash;by the international Wikimedia Commons community&ndash; out of 12 million files during ''2011'' and are now called ''Featured Pictures''.",about 600 of the best of wikimedia common s photos animations movies and graphics were chosen ndash by the international wikimedia commons community ndash out of 12 million files during 2011 and are now called featured pictures,240,37,34974.0,Wikipediya:Embassy/Arşiv 1b
91885-p0,zza,wiki,"'''Sainte-Geneviève''', yew komuna wılayetê Manchea. Na komune dewleta Fransa de mıntıqaya Normandiya de ca gêno.",sainte geneviève yew komuna wılayetê manchea na komune dewleta fransa de mıntıqaya normandiya de ca gêno,113,16,91885.0,"Sainte-Geneviève, Manche"
12409-p7,zza,wiki,"Kategoriye:Sûkê İspanya
Kategoriye:Katalonya
Kategoriye:Belediyey Barcelonèsi",kategoriye sûkê i spanya kategoriye katalonya kategoriye belediyey barcelonèsi,77,9,12409.0,Barselona
95687-p234,zza,wiki,The Vector 2022 skin as the default in two weeks?,the vector 2022 skin as the default in two weeks,49,10,95687.0,Wikipediya:Portalê cemaeti/Arşiv 10
E2A9D70654,zza,zazagorani,"Rojawan: 700 cinîyî hêgayanê xo îşxalkeran ra pawenê

Rojawan de seba ke îşxlakerî erazîyê zîretî yê ke çimeyê debarî yê şarê herême yê de şewat vejenê 700yî ra zafêr cinîyî hêgayanê xo pawenê.

700yî ra zafêr endamê HPC- Jine seba ke hêgayanê xo hêrişê îşxalkeran ra bipawê nobete tepiştene.
Sey heme Rojawanî Herêma Cizîre de zî emser vera şewatê erazîyanê zîretî tedbîrî ameyî girewtene. Goreyê doneyanê Komîteya Zîretî û Ekonomî ya Rojawanî hesedê parî de rîyê şewatanê ke çeteyanê DAÎŞî û artêşa tirke vetî ra 19 mîlyar ê lîrayê Sûrîye xesar vejîya.
Çarçeweya tedbîran de endamê HPC û HPC-Jine ke falîyetê dewrîye rayra benê pawitişê erazîyî yê Herêma Cizîre de rolêko gird kay kenê. 700yî ra zafêr cinîyî semedê pawitişê ekonomîya herême û çimeyanê xo yê debarî bi zerrîya safîye nobete tepiştene. Nê cinîyan ra Fatme Mihemeda ke erezîyanê Qamişlo û Tirbesipîyê pawena ard ziwan ke bi zanayîşî şewatî yenê vetene ke ekonomîya herême cum bibo û vat ma sey endamê HPCyî zafê ma wayîrê hêgayan nîyê la pawitişê nînan wezîfeyê ma yê pêrun o. Fatme bale ante ser ke îzmarîtê cixereyî zî benê sebenê şewatan û şarî ra waşt ke wa hîsgêr têbigêro. Evîne Îbrahîm û Mihabade Ednan Omerî zî pawitişê hêgeyan se wezîfeyê pêrûne hesibna û waşt ke wa her kes wezîfeyê xo bîyaro ca. Cinîyan ard ziwan ke keda hemwalatîyan û hêzanê asayîşî ya seba pawitişê hêgeyan emser vernîya xeylêk şewetan girewte.",rojawan 700 cinîyî hêgayanê xo îşxalkeran ra pawenê rojawan de seba ke îşxlakerî erazîyê zîretî yê ke çimeyê debarî yê şarê herême yê de şewat vejenê 700yî ra zafêr cinîyî hêgayanê xo pawenê 700yî ra zafêr endamê hpc jine seba ke hêgayanê xo hêrişê îşxalkeran ra bipawê nobete tepiştene sey heme rojawanî herêma cizîre de zî emser vera şewatê erazîyanê zîretî tedbîrî ameyî girewtene goreyê doneyanê komîteya zîretî û ekonomî ya rojawanî hesedê parî de rîyê şewatanê ke çeteyanê daîşî û artêşa tirke vetî ra 19 mîlyar ê lîrayê sûrîye xesar vejîya çarçeweya tedbîran de endamê hpc û hpc jine ke falîyetê dewrîye rayra benê pawitişê erazîyî yê herêma cizîre de rolêko gird kay kenê 700yî ra zafêr cinîyî semedê pawitişê ekonomîya herême û çimeyanê xo yê debarî bi zerrîya safîye nobete tepiştene nê cinîyan ra fatme mihemeda ke erezîyanê qamişlo û tirbesipîyê pawena ard ziwan ke bi zanayîşî şewatî yenê vetene ke ekonomîya herême cum bibo û vat ma sey endamê hpcyî zafê ma wayîrê hêgayan nîyê la pawitişê nînan wezîfeyê ma yê pêrun o fatme bale ante ser ke îzmarîtê cixereyî zî benê sebenê şewatan û şarî ra waşt ke wa hîsgêr têbigêro evîne îbrahîm û mihabade ednan omerî zî pawitişê hêgeyan se wezîfeyê pêrûne hesibna û waşt ke wa her kes wezîfeyê xo bîyaro ca cinîyan ard ziwan ke keda hemwalatîyan û hêzanê asayîşî ya seba pawitişê hêgeyan emser vernîya xeylêk şewetan girewte,1392,236,,
84222-p0,zza,wiki,"'''Rochefort-sur-la-Côte''', dewleta Fransa de, mıntıqaya Grand Esti de, wılayetê Haute-Marney de yew komuna.",rochefort sur la côte dewleta fransa de mıntıqaya grand esti de wılayetê haute marney de yew komuna,109,17,84222.0,Rochefort-sur-la-Côte
75979-p0,zza,wiki,"'''NGC 5569''', yew cısmê asmêniyo. No cısım Katalogê Neweyê Pêroyi de, komê estareyanê miyan de ca gêno. de terefê i ra keşıf biyo.",ngc 5569 yew cısmê asmêniyo no cısım katalogê neweyê pêroyi de komê estareyanê miyan de ca gêno de terefê i ra keşıf biyo,132,23,75979.0,NGC 5569
91235-p4,zza,wiki,"Bıvênên
Lista komunanê Métropole de Lyoni",bıvênên lista komunanê métropole de lyoni,41,6,91235.0,Albigny-sur-Saône
87217-p0,zza,wiki,"'''Isle-Aubigny''', yew komuna wılayetê Aubeya. Na komune dewleta Fransa de mıntıqaya Grand Esti de ca gêna.",isle aubigny yew komuna wılayetê aubeya na komune dewleta fransa de mıntıqaya grand esti de ca gêna,108,17,87217.0,Isle-Aubigny
46-p3,zza,wiki,"Nıfusê Brezilya 186 milyono. Zaf mıxtelıf mılleti tede cıwiyenê. Şarê Ewropa (Portekizıci, İspanyoli, İtalyani, Almani u Fransızi), Afrika (Angola, Togo u Nicerya) u Asya tey zafê. Dinê Brezilya Xrıstiyanina u mezhebê mılletê Brezilya ki Katoliko. Taê Musewiy u Mısılmani ki estê. Zıwano xoyo resmi Portekizkiyo. Taê ki İspanyolki qısey kenê. Semedê koloniya/mıstemera-biyaena Portekizi ra zagonê Portekizıcan biyo zagonê Brezilya.",nıfusê brezilya 186 milyono zaf mıxtelıf mılleti tede cıwiyenê şarê ewropa portekizıci i spanyoli i talyani almani u fransızi afrika angola togo u nicerya u asya tey zafê dinê brezilya xrıstiyanina u mezhebê mılletê brezilya ki katoliko taê musewiy u mısılmani ki estê zıwano xoyo resmi portekizkiyo taê ki i spanyolki qısey kenê semedê koloniya mıstemera biyaena portekizi ra zagonê portekizıcan biyo zagonê brezilya,431,64,46.0,Brezilya
90969-p6,zza,wiki,"Kategoriye:Pradelle, Drôme
Kategoriye:Komunê Drômey",kategoriye pradelle drôme kategoriye komunê drômey,51,6,90969.0,"Pradelle, Drôme"
81996-p5,zza,wiki,"Kategoriye:Komunê Moselley 
Kategoriye:Kerprich-aux-Bois",kategoriye komunê moselley kategoriye kerprich aux bois,56,7,81996.0,Kerprich-aux-Bois
38206-p0,zza,wiki,"'''Ali Haydar Saltık''' (b.: 1923, Estanbol – m.: 8 Nisane 2011, Estanbol) yew generalê eskeriyaya Tırkiya biyo. Qumandanê Ordiyê Yewina Tırkiya (25 Tebaxe 1981 - 22 Tebaxe 1983) u qumandanê Arteşê Tırki (6 Kanun 1983 - 12 Tebaxe 1985) biyo. Eslê xo Dêrsımıco.",ali haydar saltık b 1923 estanbol m 8 nisane 2011 estanbol yew generalê eskeriyaya tırkiya biyo qumandanê ordiyê yewina tırkiya 25 tebaxe 1981 22 tebaxe 1983 u qumandanê arteşê tırki 6 kanun 1983 12 tebaxe 1985 biyo eslê xo dêrsımıco,260,40,38206.0,Ali Haydar Saltık
59580-p0,zza,wiki,"'''Çiğli''', yew qeza û taxa wılayetê İzmiriya.",çiğli yew qeza û taxa wılayetê i zmiriya,47,8,59580.0,Çiğli
33620-p0,zza,wiki,"'''Rumenki''' (be Rumenki: ''Română'', ''Limba Română''), yew zıwano aidê zıwananê Hind û Ewropayo. Ewro dınya de teqriben 28 milyon merdumi Rumenki qısey keno. Rumenki Romanya, Moldova ûYewiya Ewropa de zıwano resmiyo. Tayê mıntıqeyanê Romanya û Moldova de qısey beno. Zıwanê Rumenki zıwanê Moldovki ra zaf nezdiyo.",rumenki be rumenki română limba română yew zıwano aidê zıwananê hind û ewropayo ewro dınya de teqriben 28 milyon merdumi rumenki qısey keno rumenki romanya moldova ûyewiya ewropa de zıwano resmiyo tayê mıntıqeyanê romanya û moldova de qısey beno zıwanê rumenki zıwanê moldovki ra zaf nezdiyo,316,46,33620.0,Rumenki
75932-p0,zza,wiki,"'''NGC 5517''', yew cısmê asmêniyo. No cısım Katalogê Neweyê Pêroyi de komê estareyanê miyan de ca gêno. de terefê i ra keşıf biyo.",ngc 5517 yew cısmê asmêniyo no cısım katalogê neweyê pêroyi de komê estareyanê miyan de ca gêno de terefê i ra keşıf biyo,131,23,75932.0,NGC 5517
